date,value
Tue Mar 13 2018 17:45:24 GMT-0500 (EST),477
Tue Mar 13 2018 17:45:25 GMT-0500 (EST),477
Tue Mar 13 2018 17:45:25 GMT-0500 (EST),477
Tue Mar 13 2018 17:45:26 GMT-0500 (EST),477
Tue Mar 13 2018 17:45:26 GMT-0500 (EST),477
Tue Mar 13 2018 17:45:27 GMT-0500 (EST),477
Tue Mar 13 2018 17:45:27 GMT-0500 (EST),477
Tue Mar 13 2018 17:45:28 GMT-0500 (EST),477
Tue Mar 13 2018 17:45:28 GMT-0500 (EST),477
Tue Mar 13 2018 17:45:29 GMT-0500 (EST),477
Tue Mar 13 2018 17:45:29 GMT-0500 (EST),477
Tue Mar 13 2018 17:45:30 GMT-0500 (EST),477
Tue Mar 13 2018 17:45:30 GMT-0500 (EST),477
Tue Mar 13 2018 17:45:31 GMT-0500 (EST),477
Tue Mar 13 2018 17:45:31 GMT-0500 (EST),477
Tue Mar 13 2018 17:45:32 GMT-0500 (EST),477
Tue Mar 13 2018 17:45:32 GMT-0500 (EST),477
Tue Mar 13 2018 17:45:33 GMT-0500 (EST),477
Tue Mar 13 2018 17:45:33 GMT-0500 (EST),477
Tue Mar 13 2018 17:45:34 GMT-0500 (EST),477
Tue Mar 13 2018 17:47:15 GMT-0500 (EST),477
Tue Mar 13 2018 17:47:16 GMT-0500 (EST),477
Tue Mar 13 2018 17:47:16 GMT-0500 (EST),477
Tue Mar 13 2018 17:47:17 GMT-0500 (EST),477
Tue Mar 13 2018 17:47:17 GMT-0500 (EST),477
Tue Mar 13 2018 17:47:18 GMT-0500 (EST),477
Tue Mar 13 2018 17:47:18 GMT-0500 (EST),478
Tue Mar 13 2018 17:47:19 GMT-0500 (EST),477
Tue Mar 13 2018 17:47:19 GMT-0500 (EST),477
Tue Mar 13 2018 17:47:20 GMT-0500 (EST),477
Tue Mar 13 2018 17:47:20 GMT-0500 (EST),477
Tue Mar 13 2018 17:47:21 GMT-0500 (EST),477
Tue Mar 13 2018 17:47:21 GMT-0500 (EST),477
Tue Mar 13 2018 17:47:21 GMT-0500 (EST),477
Tue Mar 13 2018 17:47:22 GMT-0500 (EST),477
Tue Mar 13 2018 17:47:23 GMT-0500 (EST),477
Tue Mar 13 2018 17:47:23 GMT-0500 (EST),477
Tue Mar 13 2018 17:47:23 GMT-0500 (EST),477
Tue Mar 13 2018 17:47:24 GMT-0500 (EST),477
Tue Mar 13 2018 17:47:24 GMT-0500 (EST),477
Tue Mar 13 2018 17:47:25 GMT-0500 (EST),477
Tue Mar 13 2018 17:47:25 GMT-0500 (EST),477
Tue Mar 13 2018 17:47:26 GMT-0500 (EST),478
Tue Mar 13 2018 17:47:26 GMT-0500 (EST),477
Tue Mar 13 2018 17:47:27 GMT-0500 (EST),477
Tue Mar 13 2018 17:47:27 GMT-0500 (EST),477
Tue Mar 13 2018 17:47:28 GMT-0500 (EST),477
Tue Mar 13 2018 17:47:28 GMT-0500 (EST),477
Tue Mar 13 2018 17:47:29 GMT-0500 (EST),477
Tue Mar 13 2018 17:47:29 GMT-0500 (EST),477
Tue Mar 13 2018 17:47:30 GMT-0500 (EST),477
Tue Mar 13 2018 17:47:30 GMT-0500 (EST),477
Tue Mar 13 2018 17:47:31 GMT-0500 (EST),477
Tue Mar 13 2018 17:47:32 GMT-0500 (EST),477
Tue Mar 13 2018 17:47:32 GMT-0500 (EST),477
Tue Mar 13 2018 17:47:32 GMT-0500 (EST),477
Tue Mar 13 2018 17:47:33 GMT-0500 (EST),477
Tue Mar 13 2018 17:47:33 GMT-0500 (EST),477
Tue Mar 13 2018 17:47:34 GMT-0500 (EST),477
Tue Mar 13 2018 17:47:34 GMT-0500 (EST),477
Tue Mar 13 2018 17:47:35 GMT-0500 (EST),477
Tue Mar 13 2018 17:47:35 GMT-0500 (EST),477
Tue Mar 13 2018 17:47:36 GMT-0500 (EST),477
Tue Mar 13 2018 17:47:36 GMT-0500 (EST),477
Tue Mar 13 2018 17:47:37 GMT-0500 (EST),477
Tue Mar 13 2018 17:47:37 GMT-0500 (EST),477
Tue Mar 13 2018 17:47:39 GMT-0500 (EST),477
Tue Mar 13 2018 17:47:38 GMT-0500 (EST),477
Tue Mar 13 2018 17:47:38 GMT-0500 (EST),477
Tue Mar 13 2018 17:47:39 GMT-0500 (EST),477
Tue Mar 13 2018 17:47:40 GMT-0500 (EST),477
Tue Mar 13 2018 17:47:40 GMT-0500 (EST),477
Tue Mar 13 2018 17:47:41 GMT-0500 (EST),477
Tue Mar 13 2018 17:47:41 GMT-0500 (EST),477
Tue Mar 13 2018 17:47:42 GMT-0500 (EST),477
Tue Mar 13 2018 17:47:42 GMT-0500 (EST),477
Tue Mar 13 2018 17:47:44 GMT-0500 (EST),477
Tue Mar 13 2018 17:47:43 GMT-0500 (EST),477
Tue Mar 13 2018 17:47:43 GMT-0500 (EST),477
Tue Mar 13 2018 17:47:44 GMT-0500 (EST),477
Tue Mar 13 2018 17:47:45 GMT-0500 (EST),477
Tue Mar 13 2018 17:47:45 GMT-0500 (EST),477
Tue Mar 13 2018 17:47:46 GMT-0500 (EST),477
Tue Mar 13 2018 17:47:46 GMT-0500 (EST),477
Tue Mar 13 2018 17:47:47 GMT-0500 (EST),477
Tue Mar 13 2018 17:47:47 GMT-0500 (EST),477
Tue Mar 13 2018 17:47:49 GMT-0500 (EST),478
Tue Mar 13 2018 17:47:48 GMT-0500 (EST),477
Tue Mar 13 2018 17:47:48 GMT-0500 (EST),477
Tue Mar 13 2018 17:47:49 GMT-0500 (EST),477
Tue Mar 13 2018 17:47:50 GMT-0500 (EST),477
Tue Mar 13 2018 17:47:50 GMT-0500 (EST),477
Tue Mar 13 2018 17:47:51 GMT-0500 (EST),477
Tue Mar 13 2018 17:47:51 GMT-0500 (EST),477
Tue Mar 13 2018 17:47:52 GMT-0500 (EST),477
Tue Mar 13 2018 17:47:52 GMT-0500 (EST),477
Tue Mar 13 2018 17:47:54 GMT-0500 (EST),477
Tue Mar 13 2018 17:47:53 GMT-0500 (EST),477
Tue Mar 13 2018 17:47:53 GMT-0500 (EST),477
Tue Mar 13 2018 17:47:54 GMT-0500 (EST),477
Tue Mar 13 2018 17:47:55 GMT-0500 (EST),477
Tue Mar 13 2018 17:47:55 GMT-0500 (EST),477
Tue Mar 13 2018 17:47:56 GMT-0500 (EST),478
Tue Mar 13 2018 17:47:56 GMT-0500 (EST),477
Tue Mar 13 2018 17:47:57 GMT-0500 (EST),478
Tue Mar 13 2018 17:47:57 GMT-0500 (EST),477
Tue Mar 13 2018 17:47:58 GMT-0500 (EST),477
Tue Mar 13 2018 17:47:58 GMT-0500 (EST),477
Tue Mar 13 2018 17:47:59 GMT-0500 (EST),477
Tue Mar 13 2018 17:47:59 GMT-0500 (EST),478
Tue Mar 13 2018 17:48:00 GMT-0500 (EST),477
Tue Mar 13 2018 17:48:00 GMT-0500 (EST),477
Tue Mar 13 2018 17:48:01 GMT-0500 (EST),477
Tue Mar 13 2018 17:48:01 GMT-0500 (EST),477
Tue Mar 13 2018 17:48:02 GMT-0500 (EST),477
Tue Mar 13 2018 17:48:02 GMT-0500 (EST),477
Tue Mar 13 2018 17:48:03 GMT-0500 (EST),477
Tue Mar 13 2018 17:48:03 GMT-0500 (EST),477
Tue Mar 13 2018 17:48:04 GMT-0500 (EST),477
Tue Mar 13 2018 17:48:04 GMT-0500 (EST),477
Tue Mar 13 2018 17:48:05 GMT-0500 (EST),477
Tue Mar 13 2018 17:48:07 GMT-0500 (EST),477
Tue Mar 13 2018 17:48:05 GMT-0500 (EST),477
Tue Mar 13 2018 17:48:06 GMT-0500 (EST),477
Tue Mar 13 2018 17:48:06 GMT-0500 (EST),478
Tue Mar 13 2018 17:48:07 GMT-0500 (EST),478
Tue Mar 13 2018 17:48:08 GMT-0500 (EST),477
Tue Mar 13 2018 17:48:08 GMT-0500 (EST),477
Tue Mar 13 2018 17:48:09 GMT-0500 (EST),477
Tue Mar 13 2018 17:48:09 GMT-0500 (EST),477
Tue Mar 13 2018 17:48:10 GMT-0500 (EST),477
Tue Mar 13 2018 17:48:12 GMT-0500 (EST),477
Tue Mar 13 2018 17:48:10 GMT-0500 (EST),477
Tue Mar 13 2018 17:48:11 GMT-0500 (EST),477
Tue Mar 13 2018 17:48:11 GMT-0500 (EST),477
Tue Mar 13 2018 17:48:12 GMT-0500 (EST),477
Tue Mar 13 2018 17:48:13 GMT-0500 (EST),478
Tue Mar 13 2018 17:48:13 GMT-0500 (EST),477
Tue Mar 13 2018 17:48:14 GMT-0500 (EST),478
Tue Mar 13 2018 17:48:14 GMT-0500 (EST),477
Tue Mar 13 2018 17:48:15 GMT-0500 (EST),477
Tue Mar 13 2018 17:48:17 GMT-0500 (EST),477
Tue Mar 13 2018 17:48:15 GMT-0500 (EST),477
Tue Mar 13 2018 17:48:16 GMT-0500 (EST),477
Tue Mar 13 2018 17:48:16 GMT-0500 (EST),477
Tue Mar 13 2018 17:48:17 GMT-0500 (EST),477
Tue Mar 13 2018 17:48:18 GMT-0500 (EST),477
Tue Mar 13 2018 17:48:18 GMT-0500 (EST),477
Tue Mar 13 2018 17:48:19 GMT-0500 (EST),477
Tue Mar 13 2018 17:48:19 GMT-0500 (EST),477
Tue Mar 13 2018 17:48:20 GMT-0500 (EST),477
Tue Mar 13 2018 17:48:22 GMT-0500 (EST),477
Tue Mar 13 2018 17:48:20 GMT-0500 (EST),477
Tue Mar 13 2018 17:48:21 GMT-0500 (EST),477
Tue Mar 13 2018 17:48:21 GMT-0500 (EST),477
Tue Mar 13 2018 17:48:22 GMT-0500 (EST),477
Tue Mar 13 2018 17:48:23 GMT-0500 (EST),477
Tue Mar 13 2018 17:48:23 GMT-0500 (EST),477
Tue Mar 13 2018 17:48:24 GMT-0500 (EST),477
Tue Mar 13 2018 17:48:24 GMT-0500 (EST),477
Tue Mar 13 2018 17:48:25 GMT-0500 (EST),478
Tue Mar 13 2018 17:48:25 GMT-0500 (EST),477
Tue Mar 13 2018 17:48:26 GMT-0500 (EST),477
Tue Mar 13 2018 17:48:26 GMT-0500 (EST),477
Tue Mar 13 2018 17:48:27 GMT-0500 (EST),478
Tue Mar 13 2018 17:48:27 GMT-0500 (EST),477
Tue Mar 13 2018 17:48:28 GMT-0500 (EST),477
Tue Mar 13 2018 17:48:28 GMT-0500 (EST),477
Tue Mar 13 2018 17:48:29 GMT-0500 (EST),477
Tue Mar 13 2018 17:48:29 GMT-0500 (EST),477
Tue Mar 13 2018 17:48:30 GMT-0500 (EST),477
Tue Mar 13 2018 17:48:30 GMT-0500 (EST),477
Tue Mar 13 2018 17:48:31 GMT-0500 (EST),477
Tue Mar 13 2018 17:48:31 GMT-0500 (EST),477
Tue Mar 13 2018 17:48:32 GMT-0500 (EST),478
Tue Mar 13 2018 17:48:32 GMT-0500 (EST),477
Tue Mar 13 2018 17:48:33 GMT-0500 (EST),477
Tue Mar 13 2018 17:48:33 GMT-0500 (EST),477
Tue Mar 13 2018 17:48:34 GMT-0500 (EST),477
Tue Mar 13 2018 17:48:34 GMT-0500 (EST),477
Tue Mar 13 2018 17:48:35 GMT-0500 (EST),477
Tue Mar 13 2018 17:48:35 GMT-0500 (EST),477
Tue Mar 13 2018 17:48:36 GMT-0500 (EST),477
Tue Mar 13 2018 17:48:36 GMT-0500 (EST),477
Tue Mar 13 2018 17:48:37 GMT-0500 (EST),477
Tue Mar 13 2018 17:48:37 GMT-0500 (EST),477
Tue Mar 13 2018 17:48:39 GMT-0500 (EST),477
Tue Mar 13 2018 17:48:38 GMT-0500 (EST),477
Tue Mar 13 2018 17:48:38 GMT-0500 (EST),477
Tue Mar 13 2018 17:48:39 GMT-0500 (EST),477
Tue Mar 13 2018 17:48:40 GMT-0500 (EST),477
Tue Mar 13 2018 17:48:40 GMT-0500 (EST),477
Tue Mar 13 2018 17:48:41 GMT-0500 (EST),477
Tue Mar 13 2018 17:48:41 GMT-0500 (EST),477
Tue Mar 13 2018 17:48:42 GMT-0500 (EST),477
Tue Mar 13 2018 17:48:42 GMT-0500 (EST),477
Tue Mar 13 2018 17:48:44 GMT-0500 (EST),477
Tue Mar 13 2018 17:48:43 GMT-0500 (EST),477
Tue Mar 13 2018 17:48:43 GMT-0500 (EST),477
Tue Mar 13 2018 17:48:44 GMT-0500 (EST),477
Tue Mar 13 2018 17:48:45 GMT-0500 (EST),477
Tue Mar 13 2018 17:48:45 GMT-0500 (EST),477
Tue Mar 13 2018 17:48:46 GMT-0500 (EST),477
Tue Mar 13 2018 17:48:46 GMT-0500 (EST),477
Tue Mar 13 2018 17:48:47 GMT-0500 (EST),477
Tue Mar 13 2018 17:48:47 GMT-0500 (EST),477
Tue Mar 13 2018 17:48:49 GMT-0500 (EST),477
Tue Mar 13 2018 17:48:48 GMT-0500 (EST),477
Tue Mar 13 2018 17:48:48 GMT-0500 (EST),477
Tue Mar 13 2018 17:48:49 GMT-0500 (EST),477
Tue Mar 13 2018 17:48:50 GMT-0500 (EST),477
Tue Mar 13 2018 17:48:50 GMT-0500 (EST),477
Tue Mar 13 2018 17:48:51 GMT-0500 (EST),477
Tue Mar 13 2018 17:48:51 GMT-0500 (EST),477
Tue Mar 13 2018 17:48:52 GMT-0500 (EST),478
Tue Mar 13 2018 17:48:52 GMT-0500 (EST),477
Tue Mar 13 2018 17:48:53 GMT-0500 (EST),477
Tue Mar 13 2018 17:48:53 GMT-0500 (EST),477
Tue Mar 13 2018 17:48:54 GMT-0500 (EST),477
Tue Mar 13 2018 17:48:54 GMT-0500 (EST),477
Tue Mar 13 2018 17:48:55 GMT-0500 (EST),477
Tue Mar 13 2018 17:48:55 GMT-0500 (EST),477
Tue Mar 13 2018 17:48:56 GMT-0500 (EST),477
Tue Mar 13 2018 17:48:56 GMT-0500 (EST),477
Tue Mar 13 2018 17:48:57 GMT-0500 (EST),477
Tue Mar 13 2018 17:48:57 GMT-0500 (EST),477
Tue Mar 13 2018 17:48:58 GMT-0500 (EST),477
Tue Mar 13 2018 17:48:58 GMT-0500 (EST),477
Tue Mar 13 2018 17:48:59 GMT-0500 (EST),477
Tue Mar 13 2018 17:48:59 GMT-0500 (EST),477
Tue Mar 13 2018 17:49:00 GMT-0500 (EST),477
Tue Mar 13 2018 17:49:00 GMT-0500 (EST),477
Tue Mar 13 2018 17:49:01 GMT-0500 (EST),477
Tue Mar 13 2018 17:49:01 GMT-0500 (EST),477
Tue Mar 13 2018 17:49:02 GMT-0500 (EST),477
Tue Mar 13 2018 17:49:02 GMT-0500 (EST),477
Tue Mar 13 2018 17:49:03 GMT-0500 (EST),477
Tue Mar 13 2018 17:49:03 GMT-0500 (EST),477
Tue Mar 13 2018 17:49:04 GMT-0500 (EST),477
Tue Mar 13 2018 17:49:04 GMT-0500 (EST),477
Tue Mar 13 2018 17:49:05 GMT-0500 (EST),477
Tue Mar 13 2018 17:49:07 GMT-0500 (EST),477
Tue Mar 13 2018 17:49:05 GMT-0500 (EST),477
Tue Mar 13 2018 17:49:06 GMT-0500 (EST),477
Tue Mar 13 2018 17:49:06 GMT-0500 (EST),477
Tue Mar 13 2018 17:49:07 GMT-0500 (EST),477
Tue Mar 13 2018 17:49:08 GMT-0500 (EST),478
Tue Mar 13 2018 17:49:08 GMT-0500 (EST),477
Tue Mar 13 2018 17:49:09 GMT-0500 (EST),477
Tue Mar 13 2018 17:49:09 GMT-0500 (EST),477
Tue Mar 13 2018 17:49:10 GMT-0500 (EST),477
Tue Mar 13 2018 17:49:12 GMT-0500 (EST),478
Tue Mar 13 2018 17:49:10 GMT-0500 (EST),478
Tue Mar 13 2018 17:49:11 GMT-0500 (EST),477
Tue Mar 13 2018 17:49:11 GMT-0500 (EST),477
Tue Mar 13 2018 17:49:12 GMT-0500 (EST),477
Tue Mar 13 2018 17:49:13 GMT-0500 (EST),477
Tue Mar 13 2018 17:49:14 GMT-0500 (EST),477
Tue Mar 13 2018 17:49:14 GMT-0500 (EST),478
Tue Mar 13 2018 17:49:13 GMT-0500 (EST),477
Tue Mar 13 2018 17:49:15 GMT-0500 (EST),477
Tue Mar 13 2018 17:49:15 GMT-0500 (EST),477
Tue Mar 13 2018 17:49:17 GMT-0500 (EST),477
Tue Mar 13 2018 17:49:16 GMT-0500 (EST),477
Tue Mar 13 2018 17:49:16 GMT-0500 (EST),477
Tue Mar 13 2018 17:49:17 GMT-0500 (EST),477
Tue Mar 13 2018 17:49:18 GMT-0500 (EST),477
Tue Mar 13 2018 17:49:18 GMT-0500 (EST),478
Tue Mar 13 2018 17:49:19 GMT-0500 (EST),478
Tue Mar 13 2018 17:49:19 GMT-0500 (EST),477
Tue Mar 13 2018 17:49:20 GMT-0500 (EST),477
Tue Mar 13 2018 17:49:20 GMT-0500 (EST),477
Tue Mar 13 2018 17:49:22 GMT-0500 (EST),477
Tue Mar 13 2018 17:49:21 GMT-0500 (EST),477
Tue Mar 13 2018 17:49:21 GMT-0500 (EST),478
Tue Mar 13 2018 17:49:22 GMT-0500 (EST),477
Tue Mar 13 2018 17:49:23 GMT-0500 (EST),477
Tue Mar 13 2018 17:49:23 GMT-0500 (EST),477
Tue Mar 13 2018 17:49:24 GMT-0500 (EST),477
Tue Mar 13 2018 17:49:24 GMT-0500 (EST),477
Tue Mar 13 2018 17:49:25 GMT-0500 (EST),477
Tue Mar 13 2018 17:49:25 GMT-0500 (EST),477
Tue Mar 13 2018 17:49:26 GMT-0500 (EST),477
Tue Mar 13 2018 17:49:26 GMT-0500 (EST),477
Tue Mar 13 2018 17:49:27 GMT-0500 (EST),477
Tue Mar 13 2018 17:49:27 GMT-0500 (EST),477
Tue Mar 13 2018 17:49:28 GMT-0500 (EST),477
Tue Mar 13 2018 17:49:28 GMT-0500 (EST),477
Tue Mar 13 2018 17:49:29 GMT-0500 (EST),477
Tue Mar 13 2018 17:49:29 GMT-0500 (EST),477
Tue Mar 13 2018 17:49:30 GMT-0500 (EST),477
Tue Mar 13 2018 17:49:30 GMT-0500 (EST),477
Tue Mar 13 2018 17:49:31 GMT-0500 (EST),477
Tue Mar 13 2018 17:49:31 GMT-0500 (EST),477
Tue Mar 13 2018 17:49:32 GMT-0500 (EST),477
Tue Mar 13 2018 17:49:32 GMT-0500 (EST),477
Tue Mar 13 2018 17:49:33 GMT-0500 (EST),477
Tue Mar 13 2018 17:49:33 GMT-0500 (EST),477
Tue Mar 13 2018 17:49:34 GMT-0500 (EST),477
Tue Mar 13 2018 17:49:34 GMT-0500 (EST),477
Tue Mar 13 2018 17:49:35 GMT-0500 (EST),477
Tue Mar 13 2018 17:49:35 GMT-0500 (EST),478
Tue Mar 13 2018 17:49:36 GMT-0500 (EST),477
Tue Mar 13 2018 17:49:36 GMT-0500 (EST),477
Tue Mar 13 2018 17:49:37 GMT-0500 (EST),477
Tue Mar 13 2018 17:49:37 GMT-0500 (EST),477
Tue Mar 13 2018 17:49:39 GMT-0500 (EST),477
Tue Mar 13 2018 17:49:38 GMT-0500 (EST),477
Tue Mar 13 2018 17:49:38 GMT-0500 (EST),477
Tue Mar 13 2018 17:49:39 GMT-0500 (EST),477
Tue Mar 13 2018 17:49:40 GMT-0500 (EST),477
Tue Mar 13 2018 17:49:40 GMT-0500 (EST),477
Tue Mar 13 2018 17:49:41 GMT-0500 (EST),477
Tue Mar 13 2018 17:49:41 GMT-0500 (EST),477
Tue Mar 13 2018 17:49:42 GMT-0500 (EST),478
Tue Mar 13 2018 17:49:42 GMT-0500 (EST),477
Tue Mar 13 2018 17:49:44 GMT-0500 (EST),478
Tue Mar 13 2018 17:49:43 GMT-0500 (EST),477
Tue Mar 13 2018 17:49:43 GMT-0500 (EST),477
Tue Mar 13 2018 17:49:44 GMT-0500 (EST),477
Tue Mar 13 2018 17:49:45 GMT-0500 (EST),477
Tue Mar 13 2018 17:49:45 GMT-0500 (EST),477
Tue Mar 13 2018 17:49:46 GMT-0500 (EST),477
Tue Mar 13 2018 17:49:46 GMT-0500 (EST),477
Tue Mar 13 2018 17:49:47 GMT-0500 (EST),477
Tue Mar 13 2018 17:49:47 GMT-0500 (EST),477
Tue Mar 13 2018 17:49:49 GMT-0500 (EST),477
Tue Mar 13 2018 17:49:48 GMT-0500 (EST),477
Tue Mar 13 2018 17:49:48 GMT-0500 (EST),477
Tue Mar 13 2018 17:49:49 GMT-0500 (EST),477
Tue Mar 13 2018 17:49:50 GMT-0500 (EST),477
Tue Mar 13 2018 17:49:50 GMT-0500 (EST),476
Tue Mar 13 2018 17:49:51 GMT-0500 (EST),478
Tue Mar 13 2018 17:49:51 GMT-0500 (EST),477
Tue Mar 13 2018 17:49:52 GMT-0500 (EST),477
Tue Mar 13 2018 17:49:52 GMT-0500 (EST),477
Tue Mar 13 2018 17:49:54 GMT-0500 (EST),477
Tue Mar 13 2018 17:49:53 GMT-0500 (EST),478
Tue Mar 13 2018 17:49:53 GMT-0500 (EST),477
Tue Mar 13 2018 17:49:54 GMT-0500 (EST),477
Tue Mar 13 2018 17:49:55 GMT-0500 (EST),478
Tue Mar 13 2018 17:49:55 GMT-0500 (EST),477
Tue Mar 13 2018 17:49:56 GMT-0500 (EST),477
Tue Mar 13 2018 17:49:56 GMT-0500 (EST),477
Tue Mar 13 2018 17:49:57 GMT-0500 (EST),477
Tue Mar 13 2018 17:49:57 GMT-0500 (EST),477
Tue Mar 13 2018 17:49:59 GMT-0500 (EST),477
Tue Mar 13 2018 17:49:58 GMT-0500 (EST),477
Tue Mar 13 2018 17:49:58 GMT-0500 (EST),477
Tue Mar 13 2018 17:49:59 GMT-0500 (EST),477
Tue Mar 13 2018 17:50:00 GMT-0500 (EST),477
Tue Mar 13 2018 17:50:00 GMT-0500 (EST),478
Tue Mar 13 2018 17:50:01 GMT-0500 (EST),477
Tue Mar 13 2018 17:50:01 GMT-0500 (EST),477
Tue Mar 13 2018 17:50:02 GMT-0500 (EST),477
Tue Mar 13 2018 17:50:02 GMT-0500 (EST),477
Tue Mar 13 2018 17:50:03 GMT-0500 (EST),477
Tue Mar 13 2018 17:50:03 GMT-0500 (EST),477
Tue Mar 13 2018 17:50:04 GMT-0500 (EST),477
Tue Mar 13 2018 17:50:04 GMT-0500 (EST),477
Tue Mar 13 2018 17:50:05 GMT-0500 (EST),477
Tue Mar 13 2018 17:50:05 GMT-0500 (EST),477
Tue Mar 13 2018 17:50:06 GMT-0500 (EST),477
Tue Mar 13 2018 17:50:06 GMT-0500 (EST),477
Tue Mar 13 2018 17:50:07 GMT-0500 (EST),477
Tue Mar 13 2018 17:50:07 GMT-0500 (EST),477
Tue Mar 13 2018 17:50:08 GMT-0500 (EST),477
Tue Mar 13 2018 17:50:08 GMT-0500 (EST),478
Tue Mar 13 2018 17:50:09 GMT-0500 (EST),477
Tue Mar 13 2018 17:50:09 GMT-0500 (EST),477
Tue Mar 13 2018 17:50:10 GMT-0500 (EST),477
Tue Mar 13 2018 17:50:10 GMT-0500 (EST),477
Tue Mar 13 2018 17:50:11 GMT-0500 (EST),478
Tue Mar 13 2018 17:50:11 GMT-0500 (EST),477
Tue Mar 13 2018 17:50:12 GMT-0500 (EST),477
Tue Mar 13 2018 17:50:12 GMT-0500 (EST),477
Tue Mar 13 2018 17:50:13 GMT-0500 (EST),477
Tue Mar 13 2018 17:50:13 GMT-0500 (EST),477
Tue Mar 13 2018 17:50:14 GMT-0500 (EST),477
Tue Mar 13 2018 17:50:14 GMT-0500 (EST),477
Tue Mar 13 2018 17:50:15 GMT-0500 (EST),477
Tue Mar 13 2018 17:50:15 GMT-0500 (EST),477
Tue Mar 13 2018 17:50:16 GMT-0500 (EST),477
Tue Mar 13 2018 17:50:16 GMT-0500 (EST),477
Tue Mar 13 2018 17:50:17 GMT-0500 (EST),477
Tue Mar 13 2018 17:50:17 GMT-0500 (EST),477
Tue Mar 13 2018 17:50:18 GMT-0500 (EST),477
Tue Mar 13 2018 17:50:18 GMT-0500 (EST),477
Tue Mar 13 2018 17:50:19 GMT-0500 (EST),477
Tue Mar 13 2018 17:50:19 GMT-0500 (EST),477
Tue Mar 13 2018 17:50:20 GMT-0500 (EST),477
Tue Mar 13 2018 17:50:20 GMT-0500 (EST),477
Tue Mar 13 2018 17:50:22 GMT-0500 (EST),477
Tue Mar 13 2018 17:50:21 GMT-0500 (EST),477
Tue Mar 13 2018 17:50:21 GMT-0500 (EST),477
Tue Mar 13 2018 17:50:22 GMT-0500 (EST),477
Tue Mar 13 2018 17:50:23 GMT-0500 (EST),477
Tue Mar 13 2018 17:50:23 GMT-0500 (EST),477
Tue Mar 13 2018 17:50:24 GMT-0500 (EST),477
Tue Mar 13 2018 17:50:24 GMT-0500 (EST),477
Tue Mar 13 2018 17:50:25 GMT-0500 (EST),477
Tue Mar 13 2018 17:50:27 GMT-0500 (EST),477
Tue Mar 13 2018 17:50:25 GMT-0500 (EST),477
Tue Mar 13 2018 17:50:26 GMT-0500 (EST),477
Tue Mar 13 2018 17:50:26 GMT-0500 (EST),477
Tue Mar 13 2018 17:50:27 GMT-0500 (EST),477
Tue Mar 13 2018 17:50:28 GMT-0500 (EST),477
Tue Mar 13 2018 17:50:28 GMT-0500 (EST),477
Tue Mar 13 2018 17:50:29 GMT-0500 (EST),477
Tue Mar 13 2018 17:50:29 GMT-0500 (EST),477
Tue Mar 13 2018 17:50:30 GMT-0500 (EST),477
Tue Mar 13 2018 17:50:30 GMT-0500 (EST),477
Tue Mar 13 2018 17:50:31 GMT-0500 (EST),478
Tue Mar 13 2018 17:50:31 GMT-0500 (EST),477
Tue Mar 13 2018 17:50:32 GMT-0500 (EST),477
Tue Mar 13 2018 17:50:32 GMT-0500 (EST),477
Tue Mar 13 2018 17:50:33 GMT-0500 (EST),477
Tue Mar 13 2018 17:50:33 GMT-0500 (EST),477
Tue Mar 13 2018 17:50:34 GMT-0500 (EST),477
Tue Mar 13 2018 17:50:34 GMT-0500 (EST),478
Tue Mar 13 2018 17:50:35 GMT-0500 (EST),477
Tue Mar 13 2018 17:50:35 GMT-0500 (EST),477
Tue Mar 13 2018 17:50:36 GMT-0500 (EST),477
Tue Mar 13 2018 17:50:36 GMT-0500 (EST),477
Tue Mar 13 2018 17:50:37 GMT-0500 (EST),477
Tue Mar 13 2018 17:50:37 GMT-0500 (EST),477
Tue Mar 13 2018 17:50:38 GMT-0500 (EST),477
Tue Mar 13 2018 17:50:38 GMT-0500 (EST),477
Tue Mar 13 2018 17:50:39 GMT-0500 (EST),477
Tue Mar 13 2018 17:50:39 GMT-0500 (EST),477
Tue Mar 13 2018 17:50:40 GMT-0500 (EST),477
Tue Mar 13 2018 17:50:40 GMT-0500 (EST),477
Tue Mar 13 2018 17:50:41 GMT-0500 (EST),477
Tue Mar 13 2018 17:50:41 GMT-0500 (EST),477
Tue Mar 13 2018 17:50:42 GMT-0500 (EST),477
Tue Mar 13 2018 17:50:42 GMT-0500 (EST),477
Tue Mar 13 2018 17:50:44 GMT-0500 (EST),477
Tue Mar 13 2018 17:50:43 GMT-0500 (EST),477
Tue Mar 13 2018 17:50:43 GMT-0500 (EST),477
Tue Mar 13 2018 17:50:44 GMT-0500 (EST),477
Tue Mar 13 2018 17:50:45 GMT-0500 (EST),478
Tue Mar 13 2018 17:50:45 GMT-0500 (EST),477
Tue Mar 13 2018 17:50:46 GMT-0500 (EST),477
Tue Mar 13 2018 17:50:46 GMT-0500 (EST),477
Tue Mar 13 2018 17:50:47 GMT-0500 (EST),477
Tue Mar 13 2018 17:50:47 GMT-0500 (EST),477
Tue Mar 13 2018 17:50:49 GMT-0500 (EST),477
Tue Mar 13 2018 17:50:48 GMT-0500 (EST),477
Tue Mar 13 2018 17:50:48 GMT-0500 (EST),477
Tue Mar 13 2018 17:50:49 GMT-0500 (EST),477
Tue Mar 13 2018 17:50:50 GMT-0500 (EST),477
Tue Mar 13 2018 17:50:50 GMT-0500 (EST),478
Tue Mar 13 2018 17:50:51 GMT-0500 (EST),477
Tue Mar 13 2018 17:50:51 GMT-0500 (EST),477
Tue Mar 13 2018 17:50:52 GMT-0500 (EST),478
Tue Mar 13 2018 17:50:52 GMT-0500 (EST),477
Tue Mar 13 2018 17:50:54 GMT-0500 (EST),477
Tue Mar 13 2018 17:50:53 GMT-0500 (EST),477
Tue Mar 13 2018 17:50:53 GMT-0500 (EST),477
Tue Mar 13 2018 17:50:54 GMT-0500 (EST),477
Tue Mar 13 2018 17:50:55 GMT-0500 (EST),477
Tue Mar 13 2018 17:50:55 GMT-0500 (EST),477
Tue Mar 13 2018 17:50:56 GMT-0500 (EST),477
Tue Mar 13 2018 17:50:56 GMT-0500 (EST),477
Tue Mar 13 2018 17:50:57 GMT-0500 (EST),477
Tue Mar 13 2018 17:50:57 GMT-0500 (EST),477
Tue Mar 13 2018 17:50:59 GMT-0500 (EST),477
Tue Mar 13 2018 17:50:58 GMT-0500 (EST),477
Tue Mar 13 2018 17:50:58 GMT-0500 (EST),477
Tue Mar 13 2018 17:50:59 GMT-0500 (EST),477
Tue Mar 13 2018 17:51:00 GMT-0500 (EST),477
Tue Mar 13 2018 17:51:00 GMT-0500 (EST),478
Tue Mar 13 2018 17:51:01 GMT-0500 (EST),477
Tue Mar 13 2018 17:51:01 GMT-0500 (EST),477
Tue Mar 13 2018 17:51:02 GMT-0500 (EST),477
Tue Mar 13 2018 17:51:02 GMT-0500 (EST),477
Tue Mar 13 2018 17:51:04 GMT-0500 (EST),477
Tue Mar 13 2018 17:51:03 GMT-0500 (EST),477
Tue Mar 13 2018 17:51:03 GMT-0500 (EST),477
Tue Mar 13 2018 17:51:04 GMT-0500 (EST),477
Tue Mar 13 2018 17:51:05 GMT-0500 (EST),477
Tue Mar 13 2018 17:51:05 GMT-0500 (EST),477
Tue Mar 13 2018 17:51:06 GMT-0500 (EST),477
Tue Mar 13 2018 17:51:06 GMT-0500 (EST),477
Tue Mar 13 2018 17:51:07 GMT-0500 (EST),477
Tue Mar 13 2018 17:51:07 GMT-0500 (EST),477
Tue Mar 13 2018 17:51:08 GMT-0500 (EST),477
Tue Mar 13 2018 17:51:08 GMT-0500 (EST),477
Tue Mar 13 2018 17:51:09 GMT-0500 (EST),477
Tue Mar 13 2018 17:51:09 GMT-0500 (EST),477
Tue Mar 13 2018 17:51:10 GMT-0500 (EST),477
Tue Mar 13 2018 17:51:10 GMT-0500 (EST),477
Tue Mar 13 2018 17:51:11 GMT-0500 (EST),477
Tue Mar 13 2018 17:51:11 GMT-0500 (EST),477
Tue Mar 13 2018 17:51:12 GMT-0500 (EST),477
Tue Mar 13 2018 17:51:12 GMT-0500 (EST),477
Tue Mar 13 2018 17:51:13 GMT-0500 (EST),477
Tue Mar 13 2018 17:51:13 GMT-0500 (EST),477
Tue Mar 13 2018 17:51:14 GMT-0500 (EST),477
Tue Mar 13 2018 17:51:14 GMT-0500 (EST),477
Tue Mar 13 2018 17:51:15 GMT-0500 (EST),477
Tue Mar 13 2018 17:51:17 GMT-0500 (EST),477
Tue Mar 13 2018 17:51:15 GMT-0500 (EST),477
Tue Mar 13 2018 17:51:16 GMT-0500 (EST),477
Tue Mar 13 2018 17:51:16 GMT-0500 (EST),477
Tue Mar 13 2018 17:51:17 GMT-0500 (EST),477
Tue Mar 13 2018 17:51:18 GMT-0500 (EST),477
Tue Mar 13 2018 17:51:18 GMT-0500 (EST),477
Tue Mar 13 2018 17:51:19 GMT-0500 (EST),477
Tue Mar 13 2018 17:51:19 GMT-0500 (EST),478
Tue Mar 13 2018 17:51:20 GMT-0500 (EST),477
Tue Mar 13 2018 17:51:20 GMT-0500 (EST),477
Tue Mar 13 2018 17:51:22 GMT-0500 (EST),477
Tue Mar 13 2018 17:51:21 GMT-0500 (EST),477
Tue Mar 13 2018 17:51:21 GMT-0500 (EST),477
Tue Mar 13 2018 17:51:22 GMT-0500 (EST),477
Tue Mar 13 2018 17:51:23 GMT-0500 (EST),477
Tue Mar 13 2018 17:51:23 GMT-0500 (EST),477
Tue Mar 13 2018 17:51:24 GMT-0500 (EST),477
Tue Mar 13 2018 17:51:24 GMT-0500 (EST),477
Tue Mar 13 2018 17:51:25 GMT-0500 (EST),477
Tue Mar 13 2018 17:51:25 GMT-0500 (EST),477
Tue Mar 13 2018 17:51:27 GMT-0500 (EST),477
Tue Mar 13 2018 17:51:26 GMT-0500 (EST),477
Tue Mar 13 2018 17:51:26 GMT-0500 (EST),477
Tue Mar 13 2018 17:51:27 GMT-0500 (EST),477
Tue Mar 13 2018 17:51:28 GMT-0500 (EST),477
Tue Mar 13 2018 17:51:28 GMT-0500 (EST),477
Tue Mar 13 2018 17:51:29 GMT-0500 (EST),477
Tue Mar 13 2018 17:51:29 GMT-0500 (EST),477
Tue Mar 13 2018 17:51:30 GMT-0500 (EST),477
Tue Mar 13 2018 17:51:30 GMT-0500 (EST),478
Tue Mar 13 2018 17:51:31 GMT-0500 (EST),477
Tue Mar 13 2018 17:51:31 GMT-0500 (EST),477
Tue Mar 13 2018 17:51:32 GMT-0500 (EST),477
Tue Mar 13 2018 17:51:32 GMT-0500 (EST),477
Tue Mar 13 2018 17:51:33 GMT-0500 (EST),477
Tue Mar 13 2018 17:51:33 GMT-0500 (EST),477
Tue Mar 13 2018 17:51:34 GMT-0500 (EST),478
Tue Mar 13 2018 17:51:34 GMT-0500 (EST),477
Tue Mar 13 2018 17:51:35 GMT-0500 (EST),477
Tue Mar 13 2018 17:51:35 GMT-0500 (EST),477
Tue Mar 13 2018 17:51:36 GMT-0500 (EST),477
Tue Mar 13 2018 17:51:36 GMT-0500 (EST),477
Tue Mar 13 2018 17:51:37 GMT-0500 (EST),477
Tue Mar 13 2018 17:51:37 GMT-0500 (EST),477
Tue Mar 13 2018 17:51:38 GMT-0500 (EST),477
Tue Mar 13 2018 17:51:38 GMT-0500 (EST),477
Tue Mar 13 2018 17:51:39 GMT-0500 (EST),477
Tue Mar 13 2018 17:51:39 GMT-0500 (EST),477
Tue Mar 13 2018 17:51:40 GMT-0500 (EST),477
Tue Mar 13 2018 17:51:40 GMT-0500 (EST),477
Tue Mar 13 2018 17:51:41 GMT-0500 (EST),477
Tue Mar 13 2018 17:51:41 GMT-0500 (EST),477
Tue Mar 13 2018 17:51:42 GMT-0500 (EST),477
Tue Mar 13 2018 17:51:42 GMT-0500 (EST),477
Tue Mar 13 2018 17:51:44 GMT-0500 (EST),477
Tue Mar 13 2018 17:51:43 GMT-0500 (EST),477
Tue Mar 13 2018 17:51:43 GMT-0500 (EST),477
Tue Mar 13 2018 17:51:44 GMT-0500 (EST),477
Tue Mar 13 2018 17:51:45 GMT-0500 (EST),478
Tue Mar 13 2018 17:51:45 GMT-0500 (EST),477
Tue Mar 13 2018 17:51:46 GMT-0500 (EST),477
Tue Mar 13 2018 17:51:46 GMT-0500 (EST),477
Tue Mar 13 2018 17:51:47 GMT-0500 (EST),477
Tue Mar 13 2018 17:51:47 GMT-0500 (EST),477
Tue Mar 13 2018 17:51:49 GMT-0500 (EST),477
Tue Mar 13 2018 17:51:48 GMT-0500 (EST),477
Tue Mar 13 2018 17:51:48 GMT-0500 (EST),477
Tue Mar 13 2018 17:51:49 GMT-0500 (EST),477
Tue Mar 13 2018 17:51:50 GMT-0500 (EST),477
Tue Mar 13 2018 17:51:50 GMT-0500 (EST),477
Tue Mar 13 2018 17:51:51 GMT-0500 (EST),477
Tue Mar 13 2018 17:51:51 GMT-0500 (EST),477
Tue Mar 13 2018 17:51:52 GMT-0500 (EST),477
Tue Mar 13 2018 17:51:52 GMT-0500 (EST),477
Tue Mar 13 2018 17:51:54 GMT-0500 (EST),477
Tue Mar 13 2018 17:51:53 GMT-0500 (EST),477
Tue Mar 13 2018 17:51:53 GMT-0500 (EST),477
Tue Mar 13 2018 17:51:54 GMT-0500 (EST),477
Tue Mar 13 2018 17:51:55 GMT-0500 (EST),477
Tue Mar 13 2018 17:51:55 GMT-0500 (EST),477
Tue Mar 13 2018 17:51:56 GMT-0500 (EST),477
Tue Mar 13 2018 17:51:56 GMT-0500 (EST),477
Tue Mar 13 2018 17:51:57 GMT-0500 (EST),478
Tue Mar 13 2018 17:51:57 GMT-0500 (EST),477
Tue Mar 13 2018 17:51:59 GMT-0500 (EST),477
Tue Mar 13 2018 17:51:58 GMT-0500 (EST),477
Tue Mar 13 2018 17:51:58 GMT-0500 (EST),477
Tue Mar 13 2018 17:51:59 GMT-0500 (EST),477
Tue Mar 13 2018 17:52:00 GMT-0500 (EST),477
Tue Mar 13 2018 17:52:00 GMT-0500 (EST),477
Tue Mar 13 2018 17:52:01 GMT-0500 (EST),477
Tue Mar 13 2018 17:52:01 GMT-0500 (EST),477
Tue Mar 13 2018 17:52:02 GMT-0500 (EST),477
Tue Mar 13 2018 17:52:02 GMT-0500 (EST),477
Tue Mar 13 2018 17:52:03 GMT-0500 (EST),477
Tue Mar 13 2018 17:52:03 GMT-0500 (EST),477
Tue Mar 13 2018 17:52:04 GMT-0500 (EST),477
Tue Mar 13 2018 17:52:04 GMT-0500 (EST),477
Tue Mar 13 2018 17:52:05 GMT-0500 (EST),477
Tue Mar 13 2018 17:52:05 GMT-0500 (EST),477
Tue Mar 13 2018 17:52:06 GMT-0500 (EST),477
Tue Mar 13 2018 17:52:06 GMT-0500 (EST),477
Tue Mar 13 2018 17:52:07 GMT-0500 (EST),477
Tue Mar 13 2018 17:52:07 GMT-0500 (EST),477
Tue Mar 13 2018 17:52:08 GMT-0500 (EST),477
Tue Mar 13 2018 17:52:08 GMT-0500 (EST),477
Tue Mar 13 2018 17:52:09 GMT-0500 (EST),477
Tue Mar 13 2018 17:52:09 GMT-0500 (EST),477
Tue Mar 13 2018 17:52:10 GMT-0500 (EST),477
Tue Mar 13 2018 17:52:10 GMT-0500 (EST),477
Tue Mar 13 2018 17:52:12 GMT-0500 (EST),477
Tue Mar 13 2018 17:52:11 GMT-0500 (EST),477
Tue Mar 13 2018 17:52:11 GMT-0500 (EST),477
Tue Mar 13 2018 17:52:12 GMT-0500 (EST),477
Tue Mar 13 2018 17:52:13 GMT-0500 (EST),477
Tue Mar 13 2018 17:52:13 GMT-0500 (EST),477
Tue Mar 13 2018 17:52:14 GMT-0500 (EST),478
Tue Mar 13 2018 17:52:14 GMT-0500 (EST),477
Tue Mar 13 2018 17:52:15 GMT-0500 (EST),477
Tue Mar 13 2018 17:52:15 GMT-0500 (EST),477
Tue Mar 13 2018 17:52:16 GMT-0500 (EST),477
Tue Mar 13 2018 17:52:16 GMT-0500 (EST),477
Tue Mar 13 2018 17:52:17 GMT-0500 (EST),477
Tue Mar 13 2018 17:52:17 GMT-0500 (EST),477
Tue Mar 13 2018 17:52:18 GMT-0500 (EST),477
Tue Mar 13 2018 17:52:18 GMT-0500 (EST),477
Tue Mar 13 2018 17:52:19 GMT-0500 (EST),477
Tue Mar 13 2018 17:52:19 GMT-0500 (EST),477
Tue Mar 13 2018 17:52:25 GMT-0500 (EST),477
Tue Mar 13 2018 17:52:26 GMT-0500 (EST),477
Tue Mar 13 2018 17:52:26 GMT-0500 (EST),477
Tue Mar 13 2018 17:52:27 GMT-0500 (EST),477
Tue Mar 13 2018 17:52:27 GMT-0500 (EST),477
Tue Mar 13 2018 17:52:28 GMT-0500 (EST),477
Tue Mar 13 2018 17:52:28 GMT-0500 (EST),477
Tue Mar 13 2018 17:52:29 GMT-0500 (EST),478
Tue Mar 13 2018 17:52:29 GMT-0500 (EST),477
Tue Mar 13 2018 17:52:30 GMT-0500 (EST),477
Tue Mar 13 2018 17:52:30 GMT-0500 (EST),477
Tue Mar 13 2018 17:52:31 GMT-0500 (EST),477
Tue Mar 13 2018 17:52:31 GMT-0500 (EST),477
Tue Mar 13 2018 17:52:32 GMT-0500 (EST),477
Tue Mar 13 2018 17:52:32 GMT-0500 (EST),477
Tue Mar 13 2018 17:52:33 GMT-0500 (EST),477
Tue Mar 13 2018 17:52:33 GMT-0500 (EST),477
Tue Mar 13 2018 17:52:34 GMT-0500 (EST),477
Tue Mar 13 2018 17:52:34 GMT-0500 (EST),477
Tue Mar 13 2018 17:52:35 GMT-0500 (EST),477
Tue Mar 13 2018 17:52:35 GMT-0500 (EST),477
Tue Mar 13 2018 17:52:36 GMT-0500 (EST),477
Tue Mar 13 2018 17:52:37 GMT-0500 (EST),477
Tue Mar 13 2018 17:52:36 GMT-0500 (EST),477
Tue Mar 13 2018 17:52:37 GMT-0500 (EST),477
Tue Mar 13 2018 17:52:38 GMT-0500 (EST),477
Tue Mar 13 2018 17:52:38 GMT-0500 (EST),477
Tue Mar 13 2018 17:52:39 GMT-0500 (EST),477
Tue Mar 13 2018 17:52:39 GMT-0500 (EST),477
Tue Mar 13 2018 17:52:40 GMT-0500 (EST),477
Tue Mar 13 2018 17:52:40 GMT-0500 (EST),477
Tue Mar 13 2018 17:52:42 GMT-0500 (EST),477
Tue Mar 13 2018 17:52:41 GMT-0500 (EST),477
Tue Mar 13 2018 17:52:41 GMT-0500 (EST),477
Tue Mar 13 2018 17:52:42 GMT-0500 (EST),477
Tue Mar 13 2018 17:52:43 GMT-0500 (EST),477
Tue Mar 13 2018 17:52:43 GMT-0500 (EST),477
Tue Mar 13 2018 17:52:44 GMT-0500 (EST),478
Tue Mar 13 2018 17:52:44 GMT-0500 (EST),477
Tue Mar 13 2018 17:52:45 GMT-0500 (EST),477
Tue Mar 13 2018 17:52:45 GMT-0500 (EST),477
Tue Mar 13 2018 17:52:46 GMT-0500 (EST),477
Tue Mar 13 2018 17:52:46 GMT-0500 (EST),477
Tue Mar 13 2018 17:52:47 GMT-0500 (EST),477
Tue Mar 13 2018 17:52:47 GMT-0500 (EST),477
Tue Mar 13 2018 17:52:48 GMT-0500 (EST),477
Tue Mar 13 2018 17:52:48 GMT-0500 (EST),477
Tue Mar 13 2018 17:52:49 GMT-0500 (EST),477
Tue Mar 13 2018 17:52:49 GMT-0500 (EST),477
Tue Mar 13 2018 17:52:50 GMT-0500 (EST),477
Tue Mar 13 2018 17:52:50 GMT-0500 (EST),477
Tue Mar 13 2018 17:52:51 GMT-0500 (EST),477
Tue Mar 13 2018 17:52:51 GMT-0500 (EST),477
Tue Mar 13 2018 17:52:52 GMT-0500 (EST),477
Tue Mar 13 2018 17:52:52 GMT-0500 (EST),477
Tue Mar 13 2018 17:52:53 GMT-0500 (EST),477
Tue Mar 13 2018 17:52:53 GMT-0500 (EST),477
Tue Mar 13 2018 17:52:54 GMT-0500 (EST),478
Tue Mar 13 2018 17:52:54 GMT-0500 (EST),477
Tue Mar 13 2018 17:52:55 GMT-0500 (EST),477
Tue Mar 13 2018 17:52:55 GMT-0500 (EST),477
Tue Mar 13 2018 17:52:56 GMT-0500 (EST),477
Tue Mar 13 2018 17:52:56 GMT-0500 (EST),477
Tue Mar 13 2018 17:52:57 GMT-0500 (EST),477
Tue Mar 13 2018 17:52:57 GMT-0500 (EST),477
Tue Mar 13 2018 17:52:58 GMT-0500 (EST),477
Tue Mar 13 2018 17:52:58 GMT-0500 (EST),477
Tue Mar 13 2018 17:52:59 GMT-0500 (EST),477
Tue Mar 13 2018 17:52:59 GMT-0500 (EST),477
Tue Mar 13 2018 17:53:00 GMT-0500 (EST),477
Tue Mar 13 2018 17:53:00 GMT-0500 (EST),477
Tue Mar 13 2018 17:53:01 GMT-0500 (EST),477
Tue Mar 13 2018 17:53:01 GMT-0500 (EST),477
Tue Mar 13 2018 17:53:02 GMT-0500 (EST),477
Tue Mar 13 2018 17:53:02 GMT-0500 (EST),477
Tue Mar 13 2018 17:53:03 GMT-0500 (EST),477
Tue Mar 13 2018 17:53:03 GMT-0500 (EST),477
Tue Mar 13 2018 17:53:04 GMT-0500 (EST),477
Tue Mar 13 2018 17:53:04 GMT-0500 (EST),477
Tue Mar 13 2018 17:53:05 GMT-0500 (EST),477
Tue Mar 13 2018 17:53:05 GMT-0500 (EST),477
Tue Mar 13 2018 17:53:06 GMT-0500 (EST),477
Tue Mar 13 2018 17:53:06 GMT-0500 (EST),477
Tue Mar 13 2018 17:53:07 GMT-0500 (EST),477
Tue Mar 13 2018 17:53:07 GMT-0500 (EST),477
Tue Mar 13 2018 17:53:08 GMT-0500 (EST),477
Tue Mar 13 2018 17:53:08 GMT-0500 (EST),477
Tue Mar 13 2018 17:53:09 GMT-0500 (EST),477
Tue Mar 13 2018 17:53:09 GMT-0500 (EST),477
Tue Mar 13 2018 17:53:10 GMT-0500 (EST),477
Tue Mar 13 2018 17:53:10 GMT-0500 (EST),477
Tue Mar 13 2018 17:53:11 GMT-0500 (EST),477
Tue Mar 13 2018 17:53:11 GMT-0500 (EST),477
Tue Mar 13 2018 17:53:12 GMT-0500 (EST),477
Tue Mar 13 2018 17:53:12 GMT-0500 (EST),477
Tue Mar 13 2018 17:53:13 GMT-0500 (EST),477
Tue Mar 13 2018 17:53:13 GMT-0500 (EST),477
Tue Mar 13 2018 17:53:14 GMT-0500 (EST),477
Tue Mar 13 2018 17:53:14 GMT-0500 (EST),477
Tue Mar 13 2018 17:53:15 GMT-0500 (EST),477
Tue Mar 13 2018 17:53:15 GMT-0500 (EST),477
Tue Mar 13 2018 17:53:16 GMT-0500 (EST),477
Tue Mar 13 2018 17:53:16 GMT-0500 (EST),477
Tue Mar 13 2018 17:53:17 GMT-0500 (EST),477
Tue Mar 13 2018 17:53:17 GMT-0500 (EST),477
Tue Mar 13 2018 17:53:18 GMT-0500 (EST),477
Tue Mar 13 2018 17:53:18 GMT-0500 (EST),477
Tue Mar 13 2018 17:53:19 GMT-0500 (EST),477
Tue Mar 13 2018 17:53:19 GMT-0500 (EST),477
Tue Mar 13 2018 17:53:20 GMT-0500 (EST),477
Tue Mar 13 2018 17:53:20 GMT-0500 (EST),477
Tue Mar 13 2018 17:53:21 GMT-0500 (EST),477
Tue Mar 13 2018 17:53:21 GMT-0500 (EST),477
Tue Mar 13 2018 17:53:22 GMT-0500 (EST),477
Tue Mar 13 2018 17:53:22 GMT-0500 (EST),478
Tue Mar 13 2018 17:53:23 GMT-0500 (EST),477
Tue Mar 13 2018 17:53:23 GMT-0500 (EST),478
Tue Mar 13 2018 17:53:24 GMT-0500 (EST),477
Tue Mar 13 2018 17:53:24 GMT-0500 (EST),477
Tue Mar 13 2018 17:53:25 GMT-0500 (EST),477
Tue Mar 13 2018 17:53:25 GMT-0500 (EST),477
Tue Mar 13 2018 17:53:27 GMT-0500 (EST),478
Tue Mar 13 2018 17:53:26 GMT-0500 (EST),477
Tue Mar 13 2018 17:53:26 GMT-0500 (EST),477
Tue Mar 13 2018 17:53:27 GMT-0500 (EST),477
Tue Mar 13 2018 17:53:28 GMT-0500 (EST),477
Tue Mar 13 2018 17:53:28 GMT-0500 (EST),477
Tue Mar 13 2018 17:53:29 GMT-0500 (EST),477
Tue Mar 13 2018 17:53:29 GMT-0500 (EST),477
Tue Mar 13 2018 17:53:30 GMT-0500 (EST),477
Tue Mar 13 2018 17:53:30 GMT-0500 (EST),477
Tue Mar 13 2018 17:53:32 GMT-0500 (EST),477
Tue Mar 13 2018 17:53:31 GMT-0500 (EST),478
Tue Mar 13 2018 17:53:31 GMT-0500 (EST),477
Tue Mar 13 2018 17:53:32 GMT-0500 (EST),477
Tue Mar 13 2018 17:53:33 GMT-0500 (EST),477
Tue Mar 13 2018 17:53:33 GMT-0500 (EST),478
Tue Mar 13 2018 17:53:34 GMT-0500 (EST),477
Tue Mar 13 2018 17:53:34 GMT-0500 (EST),477
Tue Mar 13 2018 17:53:35 GMT-0500 (EST),477
Tue Mar 13 2018 17:53:35 GMT-0500 (EST),477
Tue Mar 13 2018 17:53:37 GMT-0500 (EST),477
Tue Mar 13 2018 17:53:36 GMT-0500 (EST),477
Tue Mar 13 2018 17:53:36 GMT-0500 (EST),477
Tue Mar 13 2018 17:53:37 GMT-0500 (EST),477
Tue Mar 13 2018 17:53:38 GMT-0500 (EST),477
Tue Mar 13 2018 17:53:38 GMT-0500 (EST),477
Tue Mar 13 2018 17:53:39 GMT-0500 (EST),477
Tue Mar 13 2018 17:53:39 GMT-0500 (EST),477
Tue Mar 13 2018 17:53:40 GMT-0500 (EST),477
Tue Mar 13 2018 17:53:40 GMT-0500 (EST),477
Tue Mar 13 2018 17:53:42 GMT-0500 (EST),477
Tue Mar 13 2018 17:53:41 GMT-0500 (EST),477
Tue Mar 13 2018 17:53:41 GMT-0500 (EST),477
Tue Mar 13 2018 17:53:42 GMT-0500 (EST),477
Tue Mar 13 2018 17:53:43 GMT-0500 (EST),477
Tue Mar 13 2018 17:53:43 GMT-0500 (EST),478
Tue Mar 13 2018 17:53:44 GMT-0500 (EST),477
Tue Mar 13 2018 17:53:44 GMT-0500 (EST),477
Tue Mar 13 2018 17:53:45 GMT-0500 (EST),477
Tue Mar 13 2018 17:53:45 GMT-0500 (EST),477
Tue Mar 13 2018 17:53:46 GMT-0500 (EST),477
Tue Mar 13 2018 17:53:46 GMT-0500 (EST),477
Tue Mar 13 2018 17:53:47 GMT-0500 (EST),477
Tue Mar 13 2018 17:53:47 GMT-0500 (EST),477
Tue Mar 13 2018 17:53:48 GMT-0500 (EST),477
Tue Mar 13 2018 17:53:48 GMT-0500 (EST),477
Tue Mar 13 2018 17:53:49 GMT-0500 (EST),477
Tue Mar 13 2018 17:53:49 GMT-0500 (EST),477
Tue Mar 13 2018 17:53:50 GMT-0500 (EST),477
Tue Mar 13 2018 17:53:50 GMT-0500 (EST),477
Tue Mar 13 2018 17:53:51 GMT-0500 (EST),477
Tue Mar 13 2018 17:53:51 GMT-0500 (EST),477
Tue Mar 13 2018 17:53:52 GMT-0500 (EST),477
Tue Mar 13 2018 17:53:52 GMT-0500 (EST),477
Tue Mar 13 2018 17:53:58 GMT-0500 (EST),477
Tue Mar 13 2018 17:54:00 GMT-0500 (EST),477
Tue Mar 13 2018 17:53:59 GMT-0500 (EST),477
Tue Mar 13 2018 17:53:59 GMT-0500 (EST),477
Tue Mar 13 2018 17:54:00 GMT-0500 (EST),477
Tue Mar 13 2018 17:54:01 GMT-0500 (EST),477
Tue Mar 13 2018 17:54:01 GMT-0500 (EST),477
Tue Mar 13 2018 17:54:02 GMT-0500 (EST),477
Tue Mar 13 2018 17:54:02 GMT-0500 (EST),477
Tue Mar 13 2018 17:54:03 GMT-0500 (EST),477
Tue Mar 13 2018 17:54:03 GMT-0500 (EST),477
Tue Mar 13 2018 17:54:04 GMT-0500 (EST),477
Tue Mar 13 2018 17:54:04 GMT-0500 (EST),477
Tue Mar 13 2018 17:54:05 GMT-0500 (EST),477
Tue Mar 13 2018 17:54:05 GMT-0500 (EST),477
Tue Mar 13 2018 17:54:06 GMT-0500 (EST),477
Tue Mar 13 2018 17:54:06 GMT-0500 (EST),477
Tue Mar 13 2018 17:54:07 GMT-0500 (EST),477
Tue Mar 13 2018 17:54:07 GMT-0500 (EST),477
Tue Mar 13 2018 17:54:08 GMT-0500 (EST),477
Tue Mar 13 2018 17:54:08 GMT-0500 (EST),477
Tue Mar 13 2018 17:54:09 GMT-0500 (EST),477
Tue Mar 13 2018 17:54:09 GMT-0500 (EST),477
Tue Mar 13 2018 17:54:10 GMT-0500 (EST),477
Tue Mar 13 2018 17:54:10 GMT-0500 (EST),477
Tue Mar 13 2018 17:54:11 GMT-0500 (EST),477
Tue Mar 13 2018 17:54:11 GMT-0500 (EST),477
Tue Mar 13 2018 17:54:12 GMT-0500 (EST),477
Tue Mar 13 2018 17:54:12 GMT-0500 (EST),477
Tue Mar 13 2018 17:54:13 GMT-0500 (EST),478
Tue Mar 13 2018 17:54:13 GMT-0500 (EST),477
Tue Mar 13 2018 17:54:14 GMT-0500 (EST),477
Tue Mar 13 2018 17:54:14 GMT-0500 (EST),477
Tue Mar 13 2018 17:54:15 GMT-0500 (EST),477
Tue Mar 13 2018 17:54:15 GMT-0500 (EST),477
Tue Mar 13 2018 17:54:16 GMT-0500 (EST),477
Tue Mar 13 2018 17:54:16 GMT-0500 (EST),477
Tue Mar 13 2018 17:54:17 GMT-0500 (EST),477
Tue Mar 13 2018 17:54:17 GMT-0500 (EST),477
Tue Mar 13 2018 17:54:18 GMT-0500 (EST),477
Tue Mar 13 2018 17:54:18 GMT-0500 (EST),477
Tue Mar 13 2018 17:54:19 GMT-0500 (EST),477
Tue Mar 13 2018 17:54:19 GMT-0500 (EST),477
Tue Mar 13 2018 17:54:20 GMT-0500 (EST),477
Tue Mar 13 2018 17:54:20 GMT-0500 (EST),477
Tue Mar 13 2018 17:54:21 GMT-0500 (EST),477
Tue Mar 13 2018 17:54:21 GMT-0500 (EST),477
Tue Mar 13 2018 17:54:22 GMT-0500 (EST),478
Tue Mar 13 2018 17:54:22 GMT-0500 (EST),478
Tue Mar 13 2018 17:54:23 GMT-0500 (EST),477
Tue Mar 13 2018 17:54:23 GMT-0500 (EST),477
Tue Mar 13 2018 17:54:25 GMT-0500 (EST),477
Tue Mar 13 2018 17:54:24 GMT-0500 (EST),477
Tue Mar 13 2018 17:54:24 GMT-0500 (EST),477
Tue Mar 13 2018 17:54:25 GMT-0500 (EST),477
Tue Mar 13 2018 17:54:26 GMT-0500 (EST),477
Tue Mar 13 2018 17:54:26 GMT-0500 (EST),477
Tue Mar 13 2018 17:54:27 GMT-0500 (EST),477
Tue Mar 13 2018 17:54:27 GMT-0500 (EST),477
Tue Mar 13 2018 17:54:28 GMT-0500 (EST),477
Tue Mar 13 2018 17:54:28 GMT-0500 (EST),477
Tue Mar 13 2018 17:54:30 GMT-0500 (EST),477
Tue Mar 13 2018 17:54:29 GMT-0500 (EST),477
Tue Mar 13 2018 17:54:29 GMT-0500 (EST),477
Tue Mar 13 2018 17:54:30 GMT-0500 (EST),477
Tue Mar 13 2018 17:54:31 GMT-0500 (EST),477
Tue Mar 13 2018 17:54:31 GMT-0500 (EST),477
Tue Mar 13 2018 17:54:32 GMT-0500 (EST),477
Tue Mar 13 2018 17:54:32 GMT-0500 (EST),477
Tue Mar 13 2018 17:54:33 GMT-0500 (EST),477
Tue Mar 13 2018 17:54:33 GMT-0500 (EST),477
Tue Mar 13 2018 17:54:35 GMT-0500 (EST),478
Tue Mar 13 2018 17:54:34 GMT-0500 (EST),477
Tue Mar 13 2018 17:54:34 GMT-0500 (EST),477
Tue Mar 13 2018 17:54:35 GMT-0500 (EST),477
Tue Mar 13 2018 17:54:36 GMT-0500 (EST),477
Tue Mar 13 2018 17:54:36 GMT-0500 (EST),477
Tue Mar 13 2018 17:54:37 GMT-0500 (EST),477
Tue Mar 13 2018 17:54:37 GMT-0500 (EST),477
Tue Mar 13 2018 17:54:38 GMT-0500 (EST),477
Tue Mar 13 2018 17:54:38 GMT-0500 (EST),477
Tue Mar 13 2018 17:54:40 GMT-0500 (EST),477
Tue Mar 13 2018 17:54:39 GMT-0500 (EST),477
Tue Mar 13 2018 17:54:39 GMT-0500 (EST),477
Tue Mar 13 2018 17:54:40 GMT-0500 (EST),477
Tue Mar 13 2018 17:54:41 GMT-0500 (EST),477
Tue Mar 13 2018 17:54:41 GMT-0500 (EST),477
Tue Mar 13 2018 17:54:42 GMT-0500 (EST),477
Tue Mar 13 2018 17:54:42 GMT-0500 (EST),477
Tue Mar 13 2018 17:54:43 GMT-0500 (EST),477
Tue Mar 13 2018 17:54:43 GMT-0500 (EST),477
Tue Mar 13 2018 17:54:45 GMT-0500 (EST),477
Tue Mar 13 2018 17:54:44 GMT-0500 (EST),477
Tue Mar 13 2018 17:54:44 GMT-0500 (EST),477
Tue Mar 13 2018 17:54:45 GMT-0500 (EST),477
Tue Mar 13 2018 17:54:46 GMT-0500 (EST),477
Tue Mar 13 2018 17:54:46 GMT-0500 (EST),477
Tue Mar 13 2018 17:54:47 GMT-0500 (EST),477
Tue Mar 13 2018 17:54:47 GMT-0500 (EST),477
Tue Mar 13 2018 17:54:48 GMT-0500 (EST),477
Tue Mar 13 2018 17:54:48 GMT-0500 (EST),477
Tue Mar 13 2018 17:54:49 GMT-0500 (EST),477
Tue Mar 13 2018 17:54:49 GMT-0500 (EST),477
Tue Mar 13 2018 17:54:50 GMT-0500 (EST),477
Tue Mar 13 2018 17:54:50 GMT-0500 (EST),477
Tue Mar 13 2018 17:54:51 GMT-0500 (EST),477
Tue Mar 13 2018 17:54:51 GMT-0500 (EST),477
Tue Mar 13 2018 17:54:52 GMT-0500 (EST),477
Tue Mar 13 2018 17:54:52 GMT-0500 (EST),477
Tue Mar 13 2018 17:54:53 GMT-0500 (EST),477
Tue Mar 13 2018 17:54:53 GMT-0500 (EST),477
Tue Mar 13 2018 17:54:54 GMT-0500 (EST),478
Tue Mar 13 2018 17:54:54 GMT-0500 (EST),477
Tue Mar 13 2018 17:54:55 GMT-0500 (EST),477
Tue Mar 13 2018 17:54:55 GMT-0500 (EST),477
Tue Mar 13 2018 17:54:56 GMT-0500 (EST),477
Tue Mar 13 2018 17:54:56 GMT-0500 (EST),477
Tue Mar 13 2018 17:54:57 GMT-0500 (EST),477
Tue Mar 13 2018 17:54:57 GMT-0500 (EST),477
Tue Mar 13 2018 17:54:58 GMT-0500 (EST),477
Tue Mar 13 2018 17:54:58 GMT-0500 (EST),477
Tue Mar 13 2018 17:54:59 GMT-0500 (EST),477
Tue Mar 13 2018 17:54:59 GMT-0500 (EST),477
Tue Mar 13 2018 17:55:00 GMT-0500 (EST),477
Tue Mar 13 2018 17:55:00 GMT-0500 (EST),477
Tue Mar 13 2018 17:55:01 GMT-0500 (EST),477
Tue Mar 13 2018 17:55:03 GMT-0500 (EST),477
Tue Mar 13 2018 17:55:01 GMT-0500 (EST),477
Tue Mar 13 2018 17:55:02 GMT-0500 (EST),477
Tue Mar 13 2018 17:55:02 GMT-0500 (EST),477
Tue Mar 13 2018 17:55:03 GMT-0500 (EST),477
Tue Mar 13 2018 17:55:04 GMT-0500 (EST),477
Tue Mar 13 2018 17:55:04 GMT-0500 (EST),477
Tue Mar 13 2018 17:55:05 GMT-0500 (EST),477
Tue Mar 13 2018 17:55:05 GMT-0500 (EST),477
Tue Mar 13 2018 17:55:06 GMT-0500 (EST),477
Tue Mar 13 2018 17:55:08 GMT-0500 (EST),477
Tue Mar 13 2018 17:55:06 GMT-0500 (EST),477
Tue Mar 13 2018 17:55:07 GMT-0500 (EST),477
Tue Mar 13 2018 17:55:07 GMT-0500 (EST),477
Tue Mar 13 2018 17:55:08 GMT-0500 (EST),478
Tue Mar 13 2018 17:55:09 GMT-0500 (EST),477
Tue Mar 13 2018 17:55:09 GMT-0500 (EST),477
Tue Mar 13 2018 17:55:10 GMT-0500 (EST),477
Tue Mar 13 2018 17:55:10 GMT-0500 (EST),477
Tue Mar 13 2018 17:55:11 GMT-0500 (EST),478
Tue Mar 13 2018 17:55:13 GMT-0500 (EST),478
Tue Mar 13 2018 17:55:11 GMT-0500 (EST),477
Tue Mar 13 2018 17:55:12 GMT-0500 (EST),477
Tue Mar 13 2018 17:55:12 GMT-0500 (EST),477
Tue Mar 13 2018 17:55:13 GMT-0500 (EST),477
Tue Mar 13 2018 17:55:14 GMT-0500 (EST),477
Tue Mar 13 2018 17:55:14 GMT-0500 (EST),477
Tue Mar 13 2018 17:55:15 GMT-0500 (EST),477
Tue Mar 13 2018 17:55:15 GMT-0500 (EST),478
Tue Mar 13 2018 17:55:16 GMT-0500 (EST),477
Tue Mar 13 2018 17:55:18 GMT-0500 (EST),477
Tue Mar 13 2018 17:55:16 GMT-0500 (EST),477
Tue Mar 13 2018 17:55:17 GMT-0500 (EST),477
Tue Mar 13 2018 17:55:17 GMT-0500 (EST),478
Tue Mar 13 2018 17:55:18 GMT-0500 (EST),477
Tue Mar 13 2018 17:55:19 GMT-0500 (EST),477
Tue Mar 13 2018 17:55:19 GMT-0500 (EST),477
Tue Mar 13 2018 17:55:20 GMT-0500 (EST),477
Tue Mar 13 2018 17:55:20 GMT-0500 (EST),477
Tue Mar 13 2018 17:55:21 GMT-0500 (EST),477
Tue Mar 13 2018 17:55:21 GMT-0500 (EST),477
Tue Mar 13 2018 17:55:22 GMT-0500 (EST),477
Tue Mar 13 2018 17:55:22 GMT-0500 (EST),477
Tue Mar 13 2018 17:55:23 GMT-0500 (EST),478
Tue Mar 13 2018 17:55:23 GMT-0500 (EST),477
Tue Mar 13 2018 17:55:24 GMT-0500 (EST),477
Tue Mar 13 2018 17:55:24 GMT-0500 (EST),477
Tue Mar 13 2018 17:55:25 GMT-0500 (EST),477
Tue Mar 13 2018 17:55:25 GMT-0500 (EST),477
Tue Mar 13 2018 17:55:26 GMT-0500 (EST),477
Tue Mar 13 2018 17:55:26 GMT-0500 (EST),477
Tue Mar 13 2018 17:55:27 GMT-0500 (EST),477
Tue Mar 13 2018 17:55:27 GMT-0500 (EST),477
Tue Mar 13 2018 17:55:28 GMT-0500 (EST),478
Tue Mar 13 2018 17:55:28 GMT-0500 (EST),477
Tue Mar 13 2018 17:55:30 GMT-0500 (EST),477
Tue Mar 13 2018 17:55:29 GMT-0500 (EST),477
Tue Mar 13 2018 17:55:29 GMT-0500 (EST),477
Tue Mar 13 2018 17:55:30 GMT-0500 (EST),477
Tue Mar 13 2018 17:55:31 GMT-0500 (EST),477
Tue Mar 13 2018 17:55:31 GMT-0500 (EST),477
Tue Mar 13 2018 17:55:32 GMT-0500 (EST),477
Tue Mar 13 2018 17:55:32 GMT-0500 (EST),477
Tue Mar 13 2018 17:55:33 GMT-0500 (EST),477
Tue Mar 13 2018 17:55:33 GMT-0500 (EST),477
Tue Mar 13 2018 17:55:35 GMT-0500 (EST),477
Tue Mar 13 2018 17:55:34 GMT-0500 (EST),477
Tue Mar 13 2018 17:55:34 GMT-0500 (EST),477
Tue Mar 13 2018 17:55:35 GMT-0500 (EST),477
Tue Mar 13 2018 17:55:36 GMT-0500 (EST),477
Tue Mar 13 2018 17:55:36 GMT-0500 (EST),477
Tue Mar 13 2018 17:55:37 GMT-0500 (EST),477
Tue Mar 13 2018 17:55:37 GMT-0500 (EST),478
Tue Mar 13 2018 17:55:38 GMT-0500 (EST),477
Tue Mar 13 2018 17:55:38 GMT-0500 (EST),477
Tue Mar 13 2018 17:55:40 GMT-0500 (EST),477
Tue Mar 13 2018 17:55:39 GMT-0500 (EST),477
Tue Mar 13 2018 17:55:39 GMT-0500 (EST),477
Tue Mar 13 2018 17:55:40 GMT-0500 (EST),477
Tue Mar 13 2018 17:55:41 GMT-0500 (EST),477
Tue Mar 13 2018 17:55:41 GMT-0500 (EST),477
Tue Mar 13 2018 17:55:42 GMT-0500 (EST),477
Tue Mar 13 2018 17:55:42 GMT-0500 (EST),477
Tue Mar 13 2018 17:55:43 GMT-0500 (EST),477
Tue Mar 13 2018 17:55:43 GMT-0500 (EST),477
Tue Mar 13 2018 17:55:45 GMT-0500 (EST),477
Tue Mar 13 2018 17:55:44 GMT-0500 (EST),477
Tue Mar 13 2018 17:55:44 GMT-0500 (EST),477
Tue Mar 13 2018 17:55:45 GMT-0500 (EST),477
Tue Mar 13 2018 17:55:46 GMT-0500 (EST),477
Tue Mar 13 2018 17:55:46 GMT-0500 (EST),477
Tue Mar 13 2018 17:55:47 GMT-0500 (EST),478
Tue Mar 13 2018 17:55:47 GMT-0500 (EST),478
Tue Mar 13 2018 17:55:48 GMT-0500 (EST),477
Tue Mar 13 2018 17:55:48 GMT-0500 (EST),477
Tue Mar 13 2018 17:55:49 GMT-0500 (EST),477
Tue Mar 13 2018 17:55:49 GMT-0500 (EST),477
Tue Mar 13 2018 17:55:50 GMT-0500 (EST),477
Tue Mar 13 2018 17:55:50 GMT-0500 (EST),477
Tue Mar 13 2018 17:55:51 GMT-0500 (EST),477
Tue Mar 13 2018 17:55:51 GMT-0500 (EST),478
Tue Mar 13 2018 17:55:52 GMT-0500 (EST),477
Tue Mar 13 2018 17:55:52 GMT-0500 (EST),477
Tue Mar 13 2018 17:55:53 GMT-0500 (EST),477
Tue Mar 13 2018 17:55:53 GMT-0500 (EST),477
Tue Mar 13 2018 17:55:54 GMT-0500 (EST),477
Tue Mar 13 2018 17:55:54 GMT-0500 (EST),477
Tue Mar 13 2018 17:55:55 GMT-0500 (EST),477
Tue Mar 13 2018 17:55:55 GMT-0500 (EST),477
Tue Mar 13 2018 17:55:56 GMT-0500 (EST),477
Tue Mar 13 2018 17:55:56 GMT-0500 (EST),478
Tue Mar 13 2018 17:55:57 GMT-0500 (EST),477
Tue Mar 13 2018 17:55:57 GMT-0500 (EST),477
Tue Mar 13 2018 17:55:58 GMT-0500 (EST),477
Tue Mar 13 2018 17:55:58 GMT-0500 (EST),477
Tue Mar 13 2018 17:55:59 GMT-0500 (EST),477
Tue Mar 13 2018 17:55:59 GMT-0500 (EST),477
Tue Mar 13 2018 17:56:00 GMT-0500 (EST),477
Tue Mar 13 2018 17:56:00 GMT-0500 (EST),477
Tue Mar 13 2018 17:56:01 GMT-0500 (EST),477
Tue Mar 13 2018 17:56:01 GMT-0500 (EST),477
Tue Mar 13 2018 17:56:02 GMT-0500 (EST),477
Tue Mar 13 2018 17:56:02 GMT-0500 (EST),477
Tue Mar 13 2018 17:56:03 GMT-0500 (EST),477
Tue Mar 13 2018 17:56:03 GMT-0500 (EST),477
Tue Mar 13 2018 17:56:04 GMT-0500 (EST),477
Tue Mar 13 2018 17:56:04 GMT-0500 (EST),477
Tue Mar 13 2018 17:56:05 GMT-0500 (EST),477
Tue Mar 13 2018 17:56:05 GMT-0500 (EST),477
Tue Mar 13 2018 17:56:06 GMT-0500 (EST),477
Tue Mar 13 2018 17:56:06 GMT-0500 (EST),477
Tue Mar 13 2018 17:56:08 GMT-0500 (EST),477
Tue Mar 13 2018 17:56:07 GMT-0500 (EST),477
Tue Mar 13 2018 17:56:07 GMT-0500 (EST),477
Tue Mar 13 2018 17:56:08 GMT-0500 (EST),477
Tue Mar 13 2018 17:56:09 GMT-0500 (EST),477
Tue Mar 13 2018 17:56:09 GMT-0500 (EST),477
Tue Mar 13 2018 17:56:10 GMT-0500 (EST),477
Tue Mar 13 2018 17:56:10 GMT-0500 (EST),477
Tue Mar 13 2018 17:56:11 GMT-0500 (EST),477
Tue Mar 13 2018 17:56:11 GMT-0500 (EST),477
Tue Mar 13 2018 17:56:13 GMT-0500 (EST),477
Tue Mar 13 2018 17:56:12 GMT-0500 (EST),477
Tue Mar 13 2018 17:56:12 GMT-0500 (EST),477
Tue Mar 13 2018 17:56:13 GMT-0500 (EST),477
Tue Mar 13 2018 17:56:14 GMT-0500 (EST),477
Tue Mar 13 2018 17:56:14 GMT-0500 (EST),477
Tue Mar 13 2018 17:56:15 GMT-0500 (EST),477
Tue Mar 13 2018 17:56:15 GMT-0500 (EST),477
Tue Mar 13 2018 17:56:16 GMT-0500 (EST),477
Tue Mar 13 2018 17:56:16 GMT-0500 (EST),477
Tue Mar 13 2018 17:56:17 GMT-0500 (EST),477
Tue Mar 13 2018 17:56:17 GMT-0500 (EST),477
Tue Mar 13 2018 17:56:18 GMT-0500 (EST),477
Tue Mar 13 2018 17:56:18 GMT-0500 (EST),477
Tue Mar 13 2018 17:56:19 GMT-0500 (EST),477
Tue Mar 13 2018 17:56:19 GMT-0500 (EST),477
Tue Mar 13 2018 17:56:20 GMT-0500 (EST),477
Tue Mar 13 2018 17:56:20 GMT-0500 (EST),477
Tue Mar 13 2018 17:56:21 GMT-0500 (EST),477
Tue Mar 13 2018 17:56:21 GMT-0500 (EST),477
Tue Mar 13 2018 17:56:22 GMT-0500 (EST),477
Tue Mar 13 2018 17:56:22 GMT-0500 (EST),477
Tue Mar 13 2018 17:56:23 GMT-0500 (EST),477
Tue Mar 13 2018 17:56:23 GMT-0500 (EST),477
Tue Mar 13 2018 17:56:24 GMT-0500 (EST),477
Tue Mar 13 2018 17:56:24 GMT-0500 (EST),477
Tue Mar 13 2018 17:56:25 GMT-0500 (EST),477
Tue Mar 13 2018 17:56:25 GMT-0500 (EST),477
Tue Mar 13 2018 17:56:26 GMT-0500 (EST),477
Tue Mar 13 2018 17:56:26 GMT-0500 (EST),477
Tue Mar 13 2018 17:56:27 GMT-0500 (EST),477
Tue Mar 13 2018 17:56:27 GMT-0500 (EST),477
Tue Mar 13 2018 17:56:28 GMT-0500 (EST),477
Tue Mar 13 2018 17:56:28 GMT-0500 (EST),477
Tue Mar 13 2018 17:56:29 GMT-0500 (EST),477
Tue Mar 13 2018 17:56:29 GMT-0500 (EST),477
Tue Mar 13 2018 17:56:30 GMT-0500 (EST),477
Tue Mar 13 2018 17:56:30 GMT-0500 (EST),477
Tue Mar 13 2018 17:56:31 GMT-0500 (EST),477
Tue Mar 13 2018 17:56:31 GMT-0500 (EST),477
Tue Mar 13 2018 17:56:32 GMT-0500 (EST),477
Tue Mar 13 2018 17:56:32 GMT-0500 (EST),477
Tue Mar 13 2018 17:56:33 GMT-0500 (EST),477
Tue Mar 13 2018 17:56:33 GMT-0500 (EST),477
Tue Mar 13 2018 17:56:35 GMT-0500 (EST),477
Tue Mar 13 2018 17:56:34 GMT-0500 (EST),477
Tue Mar 13 2018 17:56:34 GMT-0500 (EST),477
Tue Mar 13 2018 17:56:35 GMT-0500 (EST),477
Tue Mar 13 2018 17:56:36 GMT-0500 (EST),477
Tue Mar 13 2018 17:56:36 GMT-0500 (EST),477
Tue Mar 13 2018 17:56:37 GMT-0500 (EST),478
Tue Mar 13 2018 17:56:37 GMT-0500 (EST),477
Tue Mar 13 2018 17:56:38 GMT-0500 (EST),477
Tue Mar 13 2018 17:56:38 GMT-0500 (EST),477
Tue Mar 13 2018 17:56:39 GMT-0500 (EST),477
Tue Mar 13 2018 17:56:40 GMT-0500 (EST),477
Tue Mar 13 2018 17:56:39 GMT-0500 (EST),478
Tue Mar 13 2018 17:56:40 GMT-0500 (EST),477
Tue Mar 13 2018 17:56:41 GMT-0500 (EST),477
Tue Mar 13 2018 17:56:41 GMT-0500 (EST),477
Tue Mar 13 2018 17:56:42 GMT-0500 (EST),477
Tue Mar 13 2018 17:56:42 GMT-0500 (EST),477
Tue Mar 13 2018 17:56:43 GMT-0500 (EST),477
Tue Mar 13 2018 17:56:43 GMT-0500 (EST),477
Tue Mar 13 2018 17:56:44 GMT-0500 (EST),477
Tue Mar 13 2018 17:56:44 GMT-0500 (EST),477
Tue Mar 13 2018 17:56:45 GMT-0500 (EST),478
Tue Mar 13 2018 17:56:45 GMT-0500 (EST),477
Tue Mar 13 2018 17:56:46 GMT-0500 (EST),477
Tue Mar 13 2018 17:56:46 GMT-0500 (EST),477
Tue Mar 13 2018 17:56:47 GMT-0500 (EST),477
Tue Mar 13 2018 17:56:47 GMT-0500 (EST),477
Tue Mar 13 2018 17:56:48 GMT-0500 (EST),477
Tue Mar 13 2018 17:56:48 GMT-0500 (EST),477
Tue Mar 13 2018 17:56:49 GMT-0500 (EST),477
Tue Mar 13 2018 17:56:49 GMT-0500 (EST),477
Tue Mar 13 2018 17:56:50 GMT-0500 (EST),477
Tue Mar 13 2018 17:56:50 GMT-0500 (EST),477
Tue Mar 13 2018 17:56:51 GMT-0500 (EST),477
Tue Mar 13 2018 17:56:51 GMT-0500 (EST),478
Tue Mar 13 2018 17:56:52 GMT-0500 (EST),477
Tue Mar 13 2018 17:56:52 GMT-0500 (EST),477
Tue Mar 13 2018 17:56:53 GMT-0500 (EST),477
Tue Mar 13 2018 17:56:53 GMT-0500 (EST),477
Tue Mar 13 2018 17:56:54 GMT-0500 (EST),477
Tue Mar 13 2018 17:56:54 GMT-0500 (EST),477
Tue Mar 13 2018 17:56:55 GMT-0500 (EST),477
Tue Mar 13 2018 17:56:55 GMT-0500 (EST),477
Tue Mar 13 2018 17:56:56 GMT-0500 (EST),477
Tue Mar 13 2018 17:56:58 GMT-0500 (EST),477
Tue Mar 13 2018 17:56:56 GMT-0500 (EST),477
Tue Mar 13 2018 17:56:57 GMT-0500 (EST),477
Tue Mar 13 2018 17:56:57 GMT-0500 (EST),477
Tue Mar 13 2018 17:56:58 GMT-0500 (EST),477
Tue Mar 13 2018 17:56:59 GMT-0500 (EST),477
Tue Mar 13 2018 17:56:59 GMT-0500 (EST),477
Tue Mar 13 2018 17:57:00 GMT-0500 (EST),477
Tue Mar 13 2018 17:57:00 GMT-0500 (EST),477
Tue Mar 13 2018 17:57:01 GMT-0500 (EST),477
Tue Mar 13 2018 17:57:03 GMT-0500 (EST),477
Tue Mar 13 2018 17:57:01 GMT-0500 (EST),477
Tue Mar 13 2018 17:57:02 GMT-0500 (EST),477
Tue Mar 13 2018 17:57:02 GMT-0500 (EST),477
Tue Mar 13 2018 17:57:03 GMT-0500 (EST),477
Tue Mar 13 2018 17:57:04 GMT-0500 (EST),477
Tue Mar 13 2018 17:57:04 GMT-0500 (EST),477
Tue Mar 13 2018 17:57:05 GMT-0500 (EST),477
Tue Mar 13 2018 17:57:05 GMT-0500 (EST),477
Tue Mar 13 2018 17:57:06 GMT-0500 (EST),477
Tue Mar 13 2018 17:57:08 GMT-0500 (EST),477
Tue Mar 13 2018 17:57:06 GMT-0500 (EST),477
Tue Mar 13 2018 17:57:07 GMT-0500 (EST),477
Tue Mar 13 2018 17:57:07 GMT-0500 (EST),477
Tue Mar 13 2018 17:57:08 GMT-0500 (EST),477
Tue Mar 13 2018 17:57:09 GMT-0500 (EST),477
Tue Mar 13 2018 17:57:09 GMT-0500 (EST),477
Tue Mar 13 2018 17:57:10 GMT-0500 (EST),477
Tue Mar 13 2018 17:57:10 GMT-0500 (EST),478
Tue Mar 13 2018 17:57:11 GMT-0500 (EST),477
Tue Mar 13 2018 17:57:13 GMT-0500 (EST),477
Tue Mar 13 2018 17:57:11 GMT-0500 (EST),477
Tue Mar 13 2018 17:57:12 GMT-0500 (EST),477
Tue Mar 13 2018 17:57:12 GMT-0500 (EST),477
Tue Mar 13 2018 17:57:13 GMT-0500 (EST),477
Tue Mar 13 2018 17:57:14 GMT-0500 (EST),477
Tue Mar 13 2018 17:57:14 GMT-0500 (EST),477
Tue Mar 13 2018 17:57:15 GMT-0500 (EST),477
Tue Mar 13 2018 17:57:15 GMT-0500 (EST),477
Tue Mar 13 2018 17:57:16 GMT-0500 (EST),477
Tue Mar 13 2018 17:57:18 GMT-0500 (EST),477
Tue Mar 13 2018 17:57:16 GMT-0500 (EST),478
Tue Mar 13 2018 17:57:17 GMT-0500 (EST),477
Tue Mar 13 2018 17:57:17 GMT-0500 (EST),477
Tue Mar 13 2018 17:57:18 GMT-0500 (EST),477
Tue Mar 13 2018 17:57:19 GMT-0500 (EST),477
Tue Mar 13 2018 17:57:19 GMT-0500 (EST),478
Tue Mar 13 2018 17:57:20 GMT-0500 (EST),477
Tue Mar 13 2018 17:57:20 GMT-0500 (EST),477
Tue Mar 13 2018 17:57:21 GMT-0500 (EST),477
Tue Mar 13 2018 17:57:21 GMT-0500 (EST),477
Tue Mar 13 2018 17:57:22 GMT-0500 (EST),477
Tue Mar 13 2018 17:57:22 GMT-0500 (EST),477
Tue Mar 13 2018 17:57:23 GMT-0500 (EST),477
Tue Mar 13 2018 17:57:23 GMT-0500 (EST),477
Tue Mar 13 2018 17:57:24 GMT-0500 (EST),477
Tue Mar 13 2018 17:57:24 GMT-0500 (EST),477
Tue Mar 13 2018 17:57:25 GMT-0500 (EST),477
Tue Mar 13 2018 17:57:25 GMT-0500 (EST),477
Tue Mar 13 2018 17:57:26 GMT-0500 (EST),477
Tue Mar 13 2018 17:57:26 GMT-0500 (EST),477
Tue Mar 13 2018 17:57:27 GMT-0500 (EST),477
Tue Mar 13 2018 17:57:27 GMT-0500 (EST),477
Tue Mar 13 2018 17:57:28 GMT-0500 (EST),477
Tue Mar 13 2018 17:57:28 GMT-0500 (EST),477
Tue Mar 13 2018 17:57:29 GMT-0500 (EST),477
Tue Mar 13 2018 17:57:29 GMT-0500 (EST),477
Tue Mar 13 2018 17:57:30 GMT-0500 (EST),478
Tue Mar 13 2018 17:57:30 GMT-0500 (EST),477
Tue Mar 13 2018 17:57:31 GMT-0500 (EST),478
Tue Mar 13 2018 17:57:31 GMT-0500 (EST),477
Tue Mar 13 2018 17:57:32 GMT-0500 (EST),477
Tue Mar 13 2018 17:57:32 GMT-0500 (EST),477
Tue Mar 13 2018 17:57:33 GMT-0500 (EST),477
Tue Mar 13 2018 17:57:33 GMT-0500 (EST),477
Tue Mar 13 2018 17:57:34 GMT-0500 (EST),477
Tue Mar 13 2018 17:57:34 GMT-0500 (EST),477
Tue Mar 13 2018 17:57:35 GMT-0500 (EST),477
Tue Mar 13 2018 17:57:35 GMT-0500 (EST),477
Tue Mar 13 2018 17:57:36 GMT-0500 (EST),477
Tue Mar 13 2018 17:57:36 GMT-0500 (EST),477
Tue Mar 13 2018 17:57:37 GMT-0500 (EST),477
Tue Mar 13 2018 17:57:37 GMT-0500 (EST),477
Tue Mar 13 2018 17:57:38 GMT-0500 (EST),477
Tue Mar 13 2018 17:57:38 GMT-0500 (EST),477
Tue Mar 13 2018 17:57:40 GMT-0500 (EST),477
Tue Mar 13 2018 17:57:39 GMT-0500 (EST),477
Tue Mar 13 2018 17:57:39 GMT-0500 (EST),477
Tue Mar 13 2018 17:57:40 GMT-0500 (EST),477
Tue Mar 13 2018 17:57:41 GMT-0500 (EST),477
Tue Mar 13 2018 17:57:41 GMT-0500 (EST),477
Tue Mar 13 2018 17:57:42 GMT-0500 (EST),477
Tue Mar 13 2018 17:57:42 GMT-0500 (EST),477
Tue Mar 13 2018 17:57:43 GMT-0500 (EST),477
Tue Mar 13 2018 17:57:43 GMT-0500 (EST),477
Tue Mar 13 2018 17:57:45 GMT-0500 (EST),477
Tue Mar 13 2018 17:57:44 GMT-0500 (EST),477
Tue Mar 13 2018 17:57:44 GMT-0500 (EST),477
Tue Mar 13 2018 17:57:45 GMT-0500 (EST),477
Tue Mar 13 2018 17:57:46 GMT-0500 (EST),477
Tue Mar 13 2018 17:57:46 GMT-0500 (EST),477
Tue Mar 13 2018 17:57:47 GMT-0500 (EST),478
Tue Mar 13 2018 17:57:47 GMT-0500 (EST),477
Tue Mar 13 2018 17:57:48 GMT-0500 (EST),478
Tue Mar 13 2018 17:57:48 GMT-0500 (EST),477
Tue Mar 13 2018 17:57:50 GMT-0500 (EST),477
Tue Mar 13 2018 17:57:49 GMT-0500 (EST),477
Tue Mar 13 2018 17:57:49 GMT-0500 (EST),478
Tue Mar 13 2018 17:57:50 GMT-0500 (EST),477
Tue Mar 13 2018 17:57:51 GMT-0500 (EST),477
Tue Mar 13 2018 17:57:51 GMT-0500 (EST),477
Tue Mar 13 2018 17:57:52 GMT-0500 (EST),477
Tue Mar 13 2018 17:57:52 GMT-0500 (EST),477
Tue Mar 13 2018 17:57:53 GMT-0500 (EST),477
Tue Mar 13 2018 17:57:53 GMT-0500 (EST),477
Tue Mar 13 2018 17:57:54 GMT-0500 (EST),477
Tue Mar 13 2018 17:57:54 GMT-0500 (EST),477
Tue Mar 13 2018 17:57:55 GMT-0500 (EST),477
Tue Mar 13 2018 17:57:55 GMT-0500 (EST),477
Tue Mar 13 2018 17:57:56 GMT-0500 (EST),477
Tue Mar 13 2018 17:57:56 GMT-0500 (EST),477
Tue Mar 13 2018 17:57:57 GMT-0500 (EST),477
Tue Mar 13 2018 17:57:57 GMT-0500 (EST),477
Tue Mar 13 2018 17:57:58 GMT-0500 (EST),477
Tue Mar 13 2018 17:57:58 GMT-0500 (EST),477
Tue Mar 13 2018 17:57:59 GMT-0500 (EST),478
Tue Mar 13 2018 17:57:59 GMT-0500 (EST),478
Tue Mar 13 2018 17:58:00 GMT-0500 (EST),477
Tue Mar 13 2018 17:58:00 GMT-0500 (EST),477
Tue Mar 13 2018 17:58:01 GMT-0500 (EST),477
Tue Mar 13 2018 17:58:01 GMT-0500 (EST),477
Tue Mar 13 2018 17:58:02 GMT-0500 (EST),477
Tue Mar 13 2018 17:58:02 GMT-0500 (EST),477
Tue Mar 13 2018 17:58:03 GMT-0500 (EST),477
Tue Mar 13 2018 17:58:03 GMT-0500 (EST),477
Tue Mar 13 2018 17:58:04 GMT-0500 (EST),477
Tue Mar 13 2018 17:58:04 GMT-0500 (EST),477
Tue Mar 13 2018 17:58:05 GMT-0500 (EST),478
Tue Mar 13 2018 17:58:05 GMT-0500 (EST),477
Tue Mar 13 2018 17:58:06 GMT-0500 (EST),477
Tue Mar 13 2018 17:58:06 GMT-0500 (EST),477
Tue Mar 13 2018 17:58:07 GMT-0500 (EST),477
Tue Mar 13 2018 17:58:07 GMT-0500 (EST),477
Tue Mar 13 2018 17:58:08 GMT-0500 (EST),477
Tue Mar 13 2018 17:58:08 GMT-0500 (EST),477
Tue Mar 13 2018 17:58:09 GMT-0500 (EST),477
Tue Mar 13 2018 17:58:09 GMT-0500 (EST),478
Tue Mar 13 2018 17:58:10 GMT-0500 (EST),477
Tue Mar 13 2018 17:58:10 GMT-0500 (EST),477
Tue Mar 13 2018 17:58:11 GMT-0500 (EST),477
Tue Mar 13 2018 17:58:13 GMT-0500 (EST),477
Tue Mar 13 2018 17:58:11 GMT-0500 (EST),477
Tue Mar 13 2018 17:58:12 GMT-0500 (EST),477
Tue Mar 13 2018 17:58:12 GMT-0500 (EST),477
Tue Mar 13 2018 17:58:13 GMT-0500 (EST),478
Tue Mar 13 2018 17:58:14 GMT-0500 (EST),477
Tue Mar 13 2018 17:58:14 GMT-0500 (EST),477
Tue Mar 13 2018 17:58:15 GMT-0500 (EST),477
Tue Mar 13 2018 17:58:15 GMT-0500 (EST),477
Tue Mar 13 2018 17:58:16 GMT-0500 (EST),477
Tue Mar 13 2018 17:58:16 GMT-0500 (EST),477
Tue Mar 13 2018 17:58:18 GMT-0500 (EST),477
Tue Mar 13 2018 17:58:17 GMT-0500 (EST),477
Tue Mar 13 2018 17:58:17 GMT-0500 (EST),477
Tue Mar 13 2018 17:58:18 GMT-0500 (EST),477
Tue Mar 13 2018 17:58:19 GMT-0500 (EST),477
Tue Mar 13 2018 17:58:19 GMT-0500 (EST),477
Tue Mar 13 2018 17:58:20 GMT-0500 (EST),477
Tue Mar 13 2018 17:58:20 GMT-0500 (EST),478
Tue Mar 13 2018 17:58:21 GMT-0500 (EST),477
Tue Mar 13 2018 17:58:21 GMT-0500 (EST),477
Tue Mar 13 2018 17:58:22 GMT-0500 (EST),477
Tue Mar 13 2018 17:58:22 GMT-0500 (EST),477
Tue Mar 13 2018 17:58:23 GMT-0500 (EST),477
Tue Mar 13 2018 17:58:23 GMT-0500 (EST),477
Tue Mar 13 2018 17:58:24 GMT-0500 (EST),477
Tue Mar 13 2018 17:58:24 GMT-0500 (EST),477
Tue Mar 13 2018 17:58:25 GMT-0500 (EST),477
Tue Mar 13 2018 17:58:25 GMT-0500 (EST),477
Tue Mar 13 2018 17:58:26 GMT-0500 (EST),477
Tue Mar 13 2018 17:58:26 GMT-0500 (EST),477
Tue Mar 13 2018 17:58:27 GMT-0500 (EST),477
Tue Mar 13 2018 17:58:27 GMT-0500 (EST),477
Tue Mar 13 2018 17:58:28 GMT-0500 (EST),477
Tue Mar 13 2018 17:58:28 GMT-0500 (EST),477
Tue Mar 13 2018 17:58:29 GMT-0500 (EST),477
Tue Mar 13 2018 17:58:29 GMT-0500 (EST),477
Tue Mar 13 2018 17:58:30 GMT-0500 (EST),477
Tue Mar 13 2018 17:58:30 GMT-0500 (EST),477
Tue Mar 13 2018 17:58:31 GMT-0500 (EST),477
Tue Mar 13 2018 17:58:31 GMT-0500 (EST),477
Tue Mar 13 2018 17:58:32 GMT-0500 (EST),477
Tue Mar 13 2018 17:58:32 GMT-0500 (EST),477
Tue Mar 13 2018 17:58:33 GMT-0500 (EST),478
Tue Mar 13 2018 18:58:33 GMT-0500 (EST),150
Tue Mar 13 2018 19:58:33 GMT-0500 (EST),0
Tue Mar 13 2018 20:58:33 GMT-0500 (EST),50
Tue Mar 13 2018 21:58:33 GMT-0500 (EST),500
Tue Mar 13 2018 22:30:33 GMT-0500 (EST),1000
Tue Mar 13 2018 22:50:33 GMT-0500 (EST),2000
Tue Mar 13 2018 23:20:33 GMT-0500 (EST),1000
Tue Mar 13 2018 23:40:33 GMT-0500 (EST),500
Tue Mar 13 2018 23:50:33 GMT-0500 (EST),250
Tue Mar 13 2018 23:55:33 GMT-0500 (EST),3050
Tue Mar 13 2018 23:59:33 GMT-0500 (EST),4000
Tue Mar 14 2018 23:59:33 GMT-0500 (EST),400
Tue Mar 15 2018 00:59:33 GMT-0500 (EST),400
Tue Mar 15 2018 01:59:33 GMT-0500 (EST),500
Tue Mar 15 2018 02:59:33 GMT-0500 (EST),600
